Record_No,DBA,Location_Address,Total_#_Sites,House district,Senate district
1201606,PINE GROVE MHP,"28312 MICHIGAN AVE, INKSTER MI 48141",45,26,5
1200014,,"18630 DIX, MELVINDALE, MI 48122",59,3,1
1200019,BROOKHAVEN PARK,"4747 WEST RIVER DR, COMSTOCK PARK MI 49321",73,81,30
1200987,,"011630 14TH AVE, GRAND RAPIDS MI 49544",107,89,30
1201245,SUNSET RIDGE MANUFACTURED HOME COMMUNITY,"7204 E. GRAND RIVER AVENUE, PORTLAND TWP., MI 48875",388,78,33
1201448,LAKE SUPERIOR ESTATES,"102 E 25TH AVE, SAULT STE MARIE MI 48783",222,107,37
1201519,PONTALUNA SHORES,"1281 E PONTALUNA ROAD, SPRING LAKE MI 49456",143,88,32
1201527,,"5400 KAY STREET, MOUNT PLEASANT MI 48858",71,92,34
1201619,,"11757 CAPPY LANE, WHITMORE LAKE MI 48189",14,49,22
1201735,,"400 N WALNUT, GREENVILLE MI 48838",84,91,33
1201769,B & J MOBILE HOME PARK,"56360 59 1/2 STREET, HARTFORD MI 49057",10,39,20
1201915,,"11985 MARSH ROAD, SHELBYVILLE MI 49344",92,43,18
1201929,,"61600 YOUNGMAN ROAD, THREE RIVERS MI 49093",41,36,17
1201969,L'ANSE MHP,"ROUTE 2, L'ANSE MI 49946",37,109,38
1202004,,"21331 HAMILTON AVE, FARMINGTON HILLS MI 48336",36,18,6
1202030,,"10825 RAWSONVILLE ROAD, BELLEVILLE MI 48111",536,31,4
1200024,LAKEVIEW MOBILE HOME COURT,"745 EAST HURON RIVER DRIVE, BELLEVILLE, MI 48111",60,31,4
1200036,AUSABLE MOBILE HOME VILLAGE,"331 FIRST ST, OSCODA, MI 48750",27,99,36
1200068,,"505 NORTH ROCHESTER ROAD, LEONARD, MI 48051",269,66,24
1200073,,"4871 CLINTONVILLE ROAD, CLARKSTON, MI 48346",180,52,23
1200079,"RIVERS EDGE, A QUIET COMMUNITY","60 HATHAWAY STREET, ST. CLAIR, MI 48054",51,63,25
1200082,,"1061 WILSON AVENUE, WALKER, MI 49504",238,84,30
1200087,,"10409 WASHINGTON AVENUE, OSSINEKE, MI 49766",10,106,36
1200092,,"60630 VAN DYKE, WASHINGTON, MI 48094",107,66,24
1200103,,"4600 N VAN DYKE, ALMONT MI 48003",233,65,24
1200106,,"2701 CALHOUN RD, ALBION MI 49224",73,44,17
1200122,LAKESHORE VILLAGE MOBILE HOME PARK,"35922 E. JEFFERSON, HARRISON TWP., MI 48043",45,61,12
1200131,,"429 BALSAM, ROGERS CITY, MI 49779",64,106,36
1200132,,"36530 JEFFERSON AVE, MT. CLEMENS, MI 48045",134,61,12
1200142,HOLTS MOBILE HOME COURT AND SALES,"6576 N DORT HWY, FLINT, MI 48505",57,70,27
1200168,CITY OF ROSE CITY TRAILER PARK,"410 N. WILLIAMS STREET, ROSE CITY, MI 48654",16,99,36
1200173,,"2451 BLACK RIVER ST, DECKERVILLE, MI 48427",43,98,25
1200179,,"117 BURCH RD STE B, COLDWATER MI 49036",56,35,17
1200182,,"900 MOBILE BLVD., NILES, MI 49120",80,37,17
1200184,LINDEN MOBILE HOME PARK,"19350 STATE LINE RD, EDWARDSBURG, MI 49112",57,36,17
1200195,,"27 W GARFIELD AVENUE, COLDWATER, MI 49036",33,35,17
1200198,,"2467 108TH AVE LOT #1, OTSEGO MI 49078",14,39,18
1200199,,"117 WESLER DR LOT 50, GOBLES, MI 49055",75,39,18
1200211,MAPLE VIEW MOBILE HOME PARK,"124 WARREN DR, CRYSTAL FALLS MI 49920",15,110,38
1200213,WHITE BIRCH VILLAGE,"W8095 SOUTH U.S. 2, IRON MT MI 49801",249,110,38
1200222,,"800 WEST MIER ROAD, SANFORD, MI 48657",116,95,34
1200231,ALGOMA ESTATES MANUFACTURED HOME COMMUNITY,"4456 13 MILE, ROCKFORD, MI 48341",343,90,30
1200234,SILVER CREEK ESTATES,"627 WILLOW RD., LOT 101, MARQUETTE, MI 49855",104,109,38
1200242,WESTWOOD VILLAGE MOBILE HOME ESTATE,"3365 WEST PASADENA, FLINT, MI 48504",152,69,27
1200252,,"2835 SOUTH WAGNER #200, ANN ARBOR, MI 48103",290,33,14
1200258,SANDY PINES TRAILER PARK,"95 W. 15 MILE RD., LOT #23, SAULT STE. MARIE, MI 49783",14,107,37
1200273,,"17990 NORTH SHORE ROAD, FERRYSBURG, MI 49409",96,88,31
1200278,LAKEVIEW MOBILE HOME PARK,"5767 MAIN STREET, LEXINGTON, MI 48450",38,98,25
1200281,,"6609 S. RIVER RD., MARINE CITY, MI 48039",38,63,25
1200297,,"4041 GRANGE HALL ROAD, HOLLY, MI 48442",192,72,22
1200299,WHITE PINES MOBILE HOME PARK,"29530 M-152, DOWAGIAC, MI 49047",36,37,17
1200324,SEAWAY TRAILER COURT,"9708 NORTH RIVER ROAD, ALGONAC, MI 48001",12,63,12
1200337,,"500 PIONEER ROAD, MARQUETTE, MI 49855",77,109,38
1200343,COLONIAL MANOR MHC,"5500 W KL AVE, KALAMAZOO MI 49009",193,40,19
1200354,DORSEY'S ON GLEN LAKE,"8648 S. DORSEY PARK RD., EMPIRE, MI 49630",31,103,37
1200368,,"429 ELLSWORTH ST, ST. IGNACE, MI 49781",35,107,37
1200385,,"14809 W-M60, THREE RIVERS MI 49093",32,36,17
1200398,,"2875 SOUTH CHARLTON PARK ROAD, HASTINGS, MI 49058",50,78,18
1200401,,"2832  STAINES RD. S.E., STANTON, MI 48888",6,91,33
1200410,"OAKS MOBILE HOME PARK, THE","3240 GETTY STREET, MUSKEGON, MI 49444",172,20,32
1200456,,"48401 RUSH LAKE RD LOT 1, HARTFORD, MI 49057",20,39,20
1200488,MARLIN VILLAGE MOBILE HOME PARK,"2995 DETROIT RD, NILES MI 49120",38,37,17
1200499,,"25039 WEST US-12, STURGIS, MI 49091",227,NA,NA
1200503,MEADOWVIEW VILLAGE MOBILE HOME PARK,"1307 LOCUST STREET, FREMONT, MI 49412",86,101,33
1200506,RILEYS MOBILE HOME COURT,"3700 NORTH HILLSDALE ROAD, HILLSDALE, MI 49242",28,35,16
1200513,,"2701 CRYSTAL LAKE ROAD, WHITEHALL, MI 49461",104,102,32
1200533,,"3017 JOHNSON RD, STEVENSVILLE, MI 49127",106,38,20
1200539,LOMBARDINI TRAILER PARK,"1228 M-89 WEST, PLAINWELL, MI 49080",50,42,18
1200544,BROOMFIELD VALLEY MOBILE HOME PARK,"6553 WEST REMUS ROAD, MT. PLEASANT, MI 48858",127,92,34
1200560,MAPLE HILL VILLAGE,"100 MAPLE HILL, HARTFORD MI 49057",99,39,20
1200564,COUNTRY VILLAGE MHP,"14624 32ND AVENUE, MARNE, MI 49435",31,89,30
1200571,,"24054 M-43 HWY, MATTAWAN MI 49071",41,39,20
1200573,COUNTRYSIDE MOBILE PARK,"191 NORTH FILLMORE ROAD, COLDWATER, MI 49036",24,35,17
1200581,,"03750 67TH STREET, SOUTH HAVEN, MI 49090",49,39,20
1200610,,"198 FESCUE S.E., KENTWOOD, MI 49548",195,80,29
1200611,CLIFF VIEW TRAILER PARK,"3200 NORTH M-63, BENTON HARBOR, MI 49022",10,38,20
1200617,WELLERS TRAILER PARK,"8928 66TH STREET, ALTO, MI 49302",21,79,18
1200624,,"220 HIAWATHA DR, IRON RIVER MI 49935",21,110,38
1200625,,"8741 0.8 LANE, GLADSTONE MI 49837",6,108,38
1200626,,"15011 WEST MICHIGAN, MARSHALL, MI 49068",33,45,18
1200627,,"110 S STATE HWY M553, GWINN MI 49841",14,109,38
1200636,,"3239 CLOVER PKWY, MUSKEGON MI 49444",223,89,32
1200642,BIG TREES MOBILE HOME PARK,"28433 JOY RD, WESTLAND MI 48185",67,25,5
1200644,VILLAGE ESTATES MHP,"2580 HOLMES, YPSILANTI, MI 48197",75,32,15
1200654,,"9720 EAST LANSING RD, DURAND MI 48429",14,71,28
1200667,,"18505 NORTHLAND DRIVE, BIG RAPIDS, MI 49307",80,100,34
1200676,,"780 127TH AVENUE, SHELBYVILLE, MI 49344",25,43,18
1200677,CANDLE WICK COURT,"1800 CANDLEWICK DRIVE, OWOSSO, MI 48867",211,71,28
1200702,MALL MOBILE PARK,"20 NORTH TILDEN, PONTIAC, MI 48328",41,53,23
1200706,,"1266 CARL ROAD, TRAVERSE CITY, MI 49684",200,104,37
1200715,MAPLE GROVE MOBILE HOME COMMUNITY,"G-4493 FENTON ROAD, BURTON, MI 48529",101,70,27
1200720,WENONA BEACH ESTATES,"4444 NATIONAL AVENUE, BAY CITY, MI 48706",182,96,35
1200732,EVART TRAILER COURT,"201 FAIR, EVART, MI 49631",20,100,34
1200739,,"5656 TRAILER PARK DR, JACKSON MI 49202",63,46,14
1200749,TALLGRASS ESTATES,"260 EAST GARFIELD AVENUE, COLDWATER, MI 49036",239,35,17
1200756,HAMLIN MHC,"5325 VAN ORDEN ROAD, WEBBERVILLE, MI 48892",230,73,22
1200759,BROADVIEW ESTATES,"4250 NORTH STATE, DAVISON, MI 48423",104,67,26
1200773,TAMARAC VILLAGE,"2875 NORTH LAKESHORE DRIVE, LUDINGTON, MI 49431",349,102,32
1200783,,"825 EAST 88TH STREET, NEWAYGO, MI 49337",65,101,33
1200786,,"3286 WOLF LAKE DRIVE, BALDWIN, MI 49304",31,101,33
1200804,CEDAR SPRINGS MOBILE ESTATES,"400 SUSAN STREET, CEDAR SPRINGS, MI 49319",216,91,33
1200809,WESTPOINT MANOR,"41021 OLD MICHIGAN AVENUE, CANTON, MI 48188",270,25,5
1200829,,"7298 HURBERT RD., HUBBARD LAKE, MI 49747",10,106,36
1200830,OSSINEKE VILLAGE COURT,"BLOCK 1, OSSINEKE, MI 49766",12,106,36
1200832,HIGGINS LAKE HIDE-A-WAY MOBILE HOME PARK,"6059 WEST HIGGINS LAKE DRIVE, HIGGINS LAKE, MI 48627",25,105,36
1200844,,"6103 LAKESHORE #36, LEXINGTON, MI 48450",90,64,25
1200854,SLATERS MOBILE HOME PARK,"732 JORDAN LAKE AVE, LAKE ODESSA, MI 48849",20,78,18
1200865,,"2832 S. GLADWIN ROAD, PRUDENVILLE, MI 48651",59,105,36
1200870,LAKESHORE VILLAGE MOBILE HOME PARK,"4061 LAKE SHORE DRIVE, GLADWIN, MI 48624",47,99,34
1200872,LAKEFRONT ESTATES,"385 W BROWN STREET, BEAVERTON, MI 48612",68,95,34
1200880,,"18891 U.S. 12 WEST, NEW BUFFALO, MI 49117",27,38,17
1200882,MOBILE MANOR TRAILER PARK,"600 SUMPTER ROAD, BELLEVILLE, MI 48111",97,31,4
1200890,TOWN & COUNTRY MOBILE HOME PARK,"2653 VANYEA ROAD, CHEBOYGAN, MI 49721",39,106,37
1200899,HARRISON ESTATES,"2600 MOSTETLER ROAD, HARRISON, MI 48625",50,100,34
1200902,,"10600 S CLARE AVE, CLARE MI 48617",14,100,34
1200905,,"6100 BEAUNE RD., LUDINGTON, MI 49431",32,102,32
1200913,SOUTHWOOD VILLAGE,"440 60TH ST SE, GRAND RAPIDS MI 49548",394,79,20
1200980,,"705 STATE ST, EAST JORDAN, MI 49727",70,107,37
1200981,SHADY REST MHP,"3618 EAST SHOD, BAY CITY, MI 48706",129,96,35
1200992,MARBLE LAKE RESORT & MARINA,"960 WILDWOOD ROAD, QUINCY, MI 49082",29,35,17
1201008,PEBBLE CREEK MHP,"1150 ROGER CT, REESE MI 48757",101,97,26
1201025,,"7875 GARLOCK RD, CARSON CITY, MI 48811",14,93,33
1201036,,"5690 HARRIS ROAD, JEDDO, MI 48032",48,64,25
1201037,NORTHFIELD ESTATES,"855 W EIGHT MILE RD, WHITMORE LAKE, MI 48189",648,48,14
1201053,HOLIDAY WEST VILLAGE,"3611 BUTTERNUT DRIVE, HOLLAND, MI 49423",341,86,31
1201064,ACADEMY POINT,"41021 OLD MICHIGAN AVE., CANTON, MI 48188",171,25,5
1201077,OAK BROOK ESTATES,"7200 LOVERS LANE, PORTAGE, MI 49081",129,40,19
1201079,,"851 WILLOW ST, FOWLERVILLE, MI 48836",151,50,22
1201094,,"2451 M-113 EAST, KINGSLEY MI 49649",193,104,37
1201142,LOGAN ESTATES,"8697 RILEY STREET, ZEELAND, MI 49464",378,85,31
1201152,,"9645 MEADOWLARK CR, FREELAND, MI 48623",179,97,35
1201155,,"401 MARKET STREET, FREMONT, MI 49412",134,101,33
1201160,WINDHAM HILLS,"4020 COUNTY FARM ROAD, BLACKMAN TOWNSHIP, MI 49201",469,46,14
1201170,,"10406 PIERCE ROAD, STANWOOD MI 49346",80,100,34
1201179,CEDARFIELD COMMUNITY,"3592  17 MILE ROAD, CEDAR SPRINGS, MI 49501",197,91,33
1201181,,"33151 FORT RD, ROCKWOOD, MI 48173",96,28,4
1201197,WOODCREEK OF TRAVERSE CITY,"501 WOODCREEK BLVD., TRAVERSE CITY, MI 49686",224,103,37
1201200,MARSHALLS CROSSING,"12050 TRIDENT BLVD., MONTROSE, MI 48457",195,97,26
1201208,MINNESOTA LAKE,"1219 MINNESOTA ROAD, PORT HURON, MI 48060",161,64,25
1201223,BOULDER RIDGE OF ALLENDALE,"4730 PINEGREE STREET, ALLENDALE, MI 49401",196,89,30
1201234,,"M-81, CARO, MI 48723",14,97,25
1201243,BIRCH GROVE MANUFACTURED HOME SUBDIVISION,"913 QUINCY ST, HANCOCK, MI 49930",31,110,38
1201249,BIRCHWOOD FARMS MHC,"8057 BIRCHWOOD DRIVE, BIRCH RUN, MI 48415",143,97,26
1201268,WATERS EDGE MANUFACTURED HOME COMMUNITY,"15709 WATERS EDGE, MANITOU BEACH, MI 49253",72,34,16
1201272,WHISPERING WOODS MHC,"4263 BISSIONETTE RD., OSCODA, MI 48750",34,99,36
1201275,,"2721 SOUTH DR, HALE, MI 48739",30,99,36
1201289,MYRTLE GROVE MOBILE HOME PARK OF FLINT,"3073 W. DAYTON, FLINT, MI 48504",99,69,27
1201301,PORT OF CALL,"4125 DOVE ROAD, PORT HURON, MI 48060",146,64,25
1201304,VALLEY MEADOW VILLAGE,"G-4152 CORUNNA RD., FLINT, MI 48532",84,69,27
1201311,SCHMID FARM ESTATES,"5540 N. STATE, ORLEANS, MI 48865",14,78,33
1201312,,"4850 S. HURON, STANDISH, MI 48658",3,99,36
1201315,,"1723 CRANBERRY LAKE CIRCLE, SAGINAW, MI 48609",43,93,26
1201358,,"3333 RAVENSWOOD, MARYSVILLE MI 48040",232,64,25
1201364,,"6458 S DIXIE HWY, ERIE MI 48133",20,30,16
1201365,EAGLE POINTE CREEK,"4385 S ELM ROAD, SWARTZ CREEK MI 48473",180,69,27
1201370,,"3527 HOYT STREET, MUSKEGON HEIGHTS MI 48444",73,87,32
1201399,POTTER MOBILE HOME PARK,"4470 9TH ST, ECORSE MI 48229",42,2,1
1201400,PELHAM MOBILE HOME PARK,"4128 PELHAM ST, DEARBORN HEIGHTS MI 48125",67,15,2
1201407,,"7769 KIMBERLY DRIVE, NEWPORT MI 48166",388,29,16
1201422,,"600 W 5TH STREET, CLARE MI 48617",57,100,34
1201427,MEADOWS MOBILE HOME PARK,"411 S GROVER, ALMA MI 48801",93,92,34
1201437,,"2889 SANDPIPER STREET, ROCHESTER HILLS MI 48039",616,55,9
1201442,LAKE PONEMAH MOBILE HOME PARK,"14214 EASTVIEW DRIVE, FENTON MI 48430",61,72,22
1201463,,",",181,42,19
1201464,,"21395 INKSTER, FARMINGTON HILLS MI 48336",32,18,6
1201465,,"41875 CAROUSEL STREET, NOVI MI 48377",733,49,13
1201467,,"9620 HIGHLAND RD, WHITE LAKE MI 48386",328,51,23
1201469,SWAN LAKE MOBILE HOME COMMUNITY,"4319 SWAN LAKE DR, ALLEGAN MI 49010",47,39,20
1201471,,"10500 LAPEER ROAD, DAVISON MI 48423",200,68,26
1201475,,"2179 HULL ROAD, MASON MI 48854",269,73,21
1201476,,"07120 68TH ST, SOUTH HAVEN MI 49090",50,39,20
1201477,,"504 NORTH MAIN STREET, YALE MI 48097",42,65,25
1201489,,"23379 ISLAND DRIVE, NEW BOSTON MI 48164",304,29,4
1201507,ARBOR WOODS,"1993 ARBOR WOOD BLVD, YPSILANTI MI 48198",458,32,15
1201508,,"1121 BARE POINT RD, ALPENA MI 49707",36,106,36
1201509,LAKE FOREST,"905 E. 96TH STREET, GRANT MI 49327",74,101,33
1201512,,"1525 E LAMBERTON LAKE DRIVE, GRAND RAPIDS MI 49525",52,81,30
1201514,,"41275 OLD MICHIGAN ROAD, CANTON MI 48188",446,25,5
1201518,CARRIAGE MANOR ESTATES,"2211 SOUTH DORT HIGHWAY, FLINT MI 48167",53,70,27
1201520,ARBOR VILLAGE ML,"7940 S CIRCLE DR, PARMA MI 49269",265,45,14
1201521,,"734 CAMBRIDGE DRIVE, COLDWATER MI 49036",32,35,17
1201533,,"G-5182 S DORT HIGHWAY, FLINT MI 48507",56,72,27
1201536,,"37781 SANDSTONE TRAIL, LENOX MI 48048",463,65,25
1201537,ORCHARD COVE MHC,"201 ORCHARD COVE DR, OTISVILLE MI 48463",117,67,26
1201541,OLD DUTCH FARMS,"27000 NAPIER ROAD, NOVI MI 48374",299,21,13
1201543,DELHI MANOR,"4075 EAST HOLT ROAD, HOLT MI 48842",286,74,21
1201545,STONEGATE MHC,"2700 EATON RAPIDS ROAD, LANSING MI 48911",308,74,21
1201546,TIMBERLANDS,"3375 EAST MICHGAN AVE, YPSILANTI MI 48198",185,32,15
1201547,YANKEE SPRINGS MEADOWS,"1330 N PATTERSON RD, WAYLAND MI 49348",284,43,18
1201548,,"2425 DOUGLAS AVE, KALAMAZOO MI 49007",187,41,19
1201550,DUTCH HILLS,"16400 UPTON ROAD, EAST LANSING MI 48823",278,75,28
1201554,,"6830 E. N. AVE, KALAMAZOO MI 49048",531,42,19
1201560,TWINLEAF,"3614 STADIUM DR, KALAMAZOO MI 49008",185,41,19
1201562,THE RAVINES MOBILE HOME COMMUNITY,"73100 COUNTY ROAD 388, SOUTH HAVEN MI 49090",106,38,20
1201563,PLEASANT VIEW ESTATES,"7604 RED ARROW HIGHWAY, WATERVLIET MI 49098",209,39,20
1201568,,"3423 CARPENTER ROAD, YPSILANTI MI 48197",121,33,15
1201571,,"3823 BAY CITY ROAD, MIDLAND MI 48642",173,95,35
1201577,WALNUT RIDGE COMMUNITY,"3201 HAWTHRON DRIVE, JACKSON MI 49201",299,46,14
1201580,SPRINGROVE COMMUNITY,"10771 DIXIE HIGHWAY, DAVISBURG MI 48350",424,52,23
1201582,SHAWNEE MHC,"1558 WEST SHAWNEE ROAD, BARODA MI 49101",161,37,17
1201583,,"505 S BRADLEY, MT PLEASANT MI 48858",144,92,34
1201584,,"515 MASON ROAD, HOWELL MI 48843",458,50,22
1201585,,"9626 OAKHILL ROAD, HOLLY MI 48442",504,52,23
1201593,,"2109 REDWOOD AVE, COLUMBUS MI 48063",380,65,25
1201596,,"1045 NADEAU ROAD, MONROE MI 48162",152,28,16
1201598,COUNTRYSIDE ESTATES,"3200 WEST LAWRENCE HWY, CHARLOTTE MI 48813",4,76,21
1201602,LAWNDALE ESTATES MOBILE HOME COMMUNITY,"4509 LONGMEADOW BLVD W, SAGINAW MI 48603",672,93,35
1201604,OAKBROOK ESTATES II,"4002 DOUGLAS AVE, KALAMAZOO MI 49007",48,41,19
1201610,ST JOHNS ESTATES,"690 NORTH MORTON, ST JOHNS MI 48879",112,75,28
1201611,ORCHARDVIEW ESTATES,"1200 E EMPIRE AVE, BENTON HARBOR MI 49022",131,38,20
1201615,MEADOW STREAMS,"3101 RIVER ROAD, SODUS MI 49126",161,NA,NA
1201617,,"1274 HAMPTON ROAD, ESSEXVILLE MI 48732",102,96,35
1201618,,"11870 HEIDELBERG LANE, WHITMORE LAKE MI 48189",55,49,22
1201620,COUNTRY MANOR ESTATES,"18500 NORTHLAND DR, BIG RAPIDS MI 49307",76,100,34
1201621,,"2725 E FOREST, ROTHBURY MI 49452",40,102,32
1201637,MILWOOD ESTATES,"2515 CORK ST, KALAMAZOO MI 49001",76,41,19
1201647,PEACHTREE MANOR,"7575 DIXIE HWY, BRIDGEPORT MI 48722",86,97,26
1201649,MONTROSE MOBILE HOME PARK,"7228 W FARRAND ROAD, CLIO MI 48420",50,97,26
1201652,LAKE IN THE HILLS MHC,"2700 SHIMMONS ROAD, AUBURN HILLS MI 48326",238,54,7
1201655,,"12277 CONSERVATION TRAIL, SHELBY TOWNSHIP MI 48315",644,59,24
1201657,MILL POND VILLAGE MANUFACTURED HOME COMMUNITY,"1500 OLD MILL LAND, LANSING MI 48911",356,74,21
1201659,BRIDGEPORT MOBILE HOME PARK,"5948 DIXIE HWY, BRIDGEPORT MI 48601",41,94,26
1201660,,"5100 CLYDE PARK AVE, WYOMING MI 49509",165,83,29
1201663,,"705 E 5TH STREET, CLARE MI 48617",25,100,34
1201666,DIAMOND VILLAGE ESTATES,"59733 DECATUR ROAD, CASSOPOLIS MI 49031",50,36,17
1201675,,"2126 LAKESHORE DRIVE, FENNVILLE MI 49408",60,38,20
1201678,,"1300 GLEN PARK DRIVE, SPARTA MI 49345",234,90,33
1201682,,"1700 LAKEVILLA ROAD, OXFORD MI 48371",851,66,24
1201693,,"2555 HENRY RUFF RD, INKSTER MI 48141",70,26,5
1201694,,"130 MOUNDS TRAIL, HOUGHTON LAKE MI 48629",24,105,36
1201696,,"2915 MONTROSE STREET, YPSILANTI MI 48198",112,32,15
1201702,,"4377 OLD PLANK ROAD, MILFORD MI 48381",619,51,23
1201703,SHERIDAN PROPERTY MANAGEMENT,"453 E CONDENSERY ROAD, SHERIDAN MI 48884",26,91,33
1201704,,",",320,41,19
1201714,,"529 EAST MICHIGAN, PARMA MI 49269",11,45,17
1201715,PINE COURT MOBILE HOME COMMUNITY,"W BLUE SPRUCE LANE, MCBAIN MI 49657",15,105,36
1201719,,"3051 EAST TEN MILE ROAD, WARREN MI 48091",170,14,3
1201720,,"953 E MONROE ROAD, ST LOUIS MI 48880",34,92,34
1201728,,"53425 COUNTY ROAD 687, HARTFORD MI 49057",30,39,20
1201729,BRIERS TRAILER COURT,"8467 P5 ROAD, GLADSTONE MI 49837",10,108,38
1201731,WHITEFISH HILL RV PARK AND CAMPGROUND,"8455 US2, RAPID RIVER MI 49878",12,108,38
1201737,,",",46,NA,NA
1201746,ATHERTON CROSSING MHC,"1549 E ATHERTON ROAD, FLINT MI 48507",190,70,27
1201748,CLINTON ESTATES MOBILE HOME COMMUNITY,"1801 W MICHIGAN AVE, CLINTON MI 49236",27,34,15
1201751,,"19250 STATE LINE ROAD, EDWARDSBURG MI 49112",70,36,17
1201756,GUNTHERS MOBILE HOME COURT,"G-63136 N DORT HIGHWAY, MT MORRIS MI 48458",172,67,26
1201757,KRISTANA MOBILE HOME PARK,"1110 E COLEMAN ROAD, LANSING MI 48906",154,75,28
1201759,,"2480 BEVERLY BLVD, FLINT MI 48504",212,69,27
1201764,,"11443 BONNIE DRIVE, SCHOOLCRAFT MI 49087",57,42,19
1201766,,"56630 89TH AVE, DECATUR MI 49045",35,39,20
1201777,,"1716 E LANSING ROAD, CHARLOTTE MI 48813",50,76,21
1201787,SAGINAW VILLAS MHC,"4141 DIXIE HIGHWAY, SAGINAW MI 48601",472,94,35
1201795,STARLIGHT MOBILE HOME PARK,"7175 BISHOP ROAD, BRIGHTON MI 48116",48,49,22
1201805,SUNSET TRAILER VILLAGE,"28730 GRAND RIVER, FARMINGTON HILLS MI 48336",22,18,6
1201807,,"533 GOODRICH ST, VASSAR MI 48768",20,97,26
1201808,GREENBRIAR ESTATES MOBILE HOME PARK,"2500 HOLMES ST, YPSILANTI MI 48198",111,32,15
1201811,INDIANHILLS MANOR MOBILE HOME PARK,"G-6328 NORTH GENESEE ROAD, FLINT MI 48506",429,67,26
1201815,HILLSIDE MOBILE HOME PARK,"857 GLEN AVE, ELBERTA MI 49628",12,104,32
1201818,,"5407 ALOHA DRIVE, CASCO MI 48064",562,63,25
1201821,POPLARS RESORT,"3000 LAKE PLEASANT RD S, OSSEO MI 43266",67,35,16
1201829,AVENUE A,"1267 AVENUE A, SPRINGFIELD MI 49037",145,44,18
1201835,HOLIDAY ESTATES MHP,"46000 GEDDES ROAD, CANTON MI 48188",551,25,5
1201842,SHADY BROOK MOBILE HOME PARK,"43910 30TH STREET, PAW PAW MI 49079",20,39,20
1201848,SUNSET VIEW MOBILE HOME PARK,"926 HILL STREET, PORTLAND MI 48875",35,78,33
1201850,WILLOW VILLAGE MOBILE HOME COURT,"2445 E GRAND RIVER AVE, WILLIAMSTON MI 48895",45,73,28
1201859,,"149 CHARLOTTE STREET, BAD AXE MI 48413",71,98,25
1201868,,"6261 SAGINAW STREET, MT MORRIS MI 48458",138,69,27
1201872,,"400 SOUTH STREET, MARCELLUS MI 49067",43,36,17
1201876,,"1615 TUPPER LAKE STREET, LAKE ODESSA MI 48849",87,78,18
1201877,,"5080 ST JOSEPH AVE, STEVENSVILLE MI 49127",80,38,20
1201884,,"4205 HILLS HAVEN ROAD, BUCHANAN MI 49107",94,37,17
1201889,TOWN AND COUNTRY MOBILE HOME ESTATES,"51005 OLD MICHIGAN AVE, BELLEVILLE MI 48111",137,31,4
1201894,,"4135 DOLAN DRIVE, FLINT MI 48504",216,69,27
1201895,,"1587 PHEASANT RUN DRIVE, FLINT MI 48532",179,69,27
1201902,,"4599 PIGEON ROAD, ELKTON MI 48731",36,98,25
1201905,,"63381 41ST STREET, PAW PAW MI 49079",45,39,20
1201908,FOUR KORNERS ESTATES,"100 TAYLOR ROAD, GWINN MI 49841",14,109,38
1201911,PARK ESTATES,"51300 MICHIGAN AVENUE, BELLEVILLE MI 48111",128,31,4
1201916,LAKECREST MOBILE HOME PARK,"661 LAKECREST DRIVE, COLDWATER MI 49036",21,35,17
1201920,,"12034 E MICHIGAN AVE, GALESBURG MI 49053",71,45,19
1201921,TWIN PINES MHP,"6815 E 11 MILE ROAD, WARREN MI 48092",140,14,3
1201924,,"10987 SILVER LAKE ROAD, SOUTH LYON MI 48178",27,49,22
1201925,,"9120 VIENNA ROAD, MT MORRIS MI 48458",380,69,26
1201926,,"2481 W SHERMAN BLVD., NORTON SHORES MI 49441",116,88,32
1201927,,"65 S. NORTH AVE., WHITE CLOUD MI 49349",47,101,33
1201928,,"1527 W STATE STREET, BELDING MI 48809",150,91,33
1201930,,"215 NORTH CANAL ROAD, LANSING MI 48917",230,76,21
1201932,,"5656 FREEWALD, MILLINGTON MI 48746",10,97,26
1201934,,"414 RUSSELL STREET, ALLEGAN MI 49010",10,43,20
1201939,,"25151 DEQUINDER ROAD, MADISON HEIGHTS MI 48071",116,8,3
1201941,MEADOWBROOK MANOR ESTATES,"7280 W MT MORRIS RD, FLUSHING MI 48433",401,69,27
1201942,,"12060 DIX TOLEDO RD, SOUTHGATE MI 48195",70,2,4
1201944,LANDMARK ESTATES MHP,"21908 DEQUNDRE ROAD, WARREN MI 48091",110,14,3
1201946,,"1055 LINCOLN AVE, HOLLAND MI 49423",69,86,31
1201947,,"3075 DIX HIGHWAY, LINCOLN PARK MI 48146",203,2,1
1201948,,"624 RIPLEY BLVD., ALPENA MI 49707",65,106,36
1201952,,"3170 ORCHARD LAKE ROAD, KEEGO HARBOR MI 48320",93,20,13
1201957,,"3341 PORT AUSTIN ROAD, PORT AUSTIN MI 48467",12,98,25
1201958,PINEVIEW MOBILE HOME PARK,"6385 WHITES BRIDGE RAOD, BELDING MI 48809",20,91,33
1201959,,"11247 PORTAGE ROAD, PORTAGE MI 49002",81,42,19
1201960,BAYSIDE ESTATES,"2420 PINETREE DRIVE, SEBEWAING MI 48759",74,98,25
1201968,BAY CITY MHP,"2836 E BISCAYNE ROAD, BAY CITY MI 48706",61,96,35
1201972,,"410 W PINE STREET, STANTON MI 48888",52,91,33
1201974,EAGLES LANDING ESTATES,"2335 PECK ROAD, CROSWELL MI 48422",235,98,25
1201976,,"6400 S DIXIE HWY, ERIE MI 48133",351,30,16
1201982,,"10845 PERCY LANE, MECOSTA MI 49332",36,100,34
1201983,SIDE O LAKE RESORT,"15301 LAKESHORE DRIVE NE, GOWEN MI 49326",45,91,33
1201987,,"6385 N MONROE STREET, MONROE MI 48162",29,28,16
1201988,,"12337 LAIRD ROAD, BROOKLYN MI 49230",98,34,16
1201989,,"10400 PEWAMO, PEWAMO MI 48873",50,93,33
1201991,,"2195 E GRAND RIVER AVE, HOWELL MI 48843",60,50,22
1201992,,"4021 PECK ROAD, CROSWELL MI 48422",111,98,25
1201995,,"4869 N BRIGHTON CIRCLE, GRAYLING MI 49738",49,105,36
1201997,UPPER HAND RENTALS,"908 ARBUTUS AVE, MANISTIQUE MI 49854",11,108,38
1202001,,"23765 LAWERENCE AVE, WARREN MI 48091",126,14,3
1202002,HUNTERS CREEK MANUFACTURED HOME COMMUNITY,"725 DEMILLE ROAD, LAPEER MI 48446",402,67,26
1202006,,"401 KENNEALLY BLVD, GLADSTONE MI 49837",102,108,38
1202007,SUBURBAN ESTATE MOBILE HOME PARK,"7230 SUBURBAN DRIVE, TRAVERSE CITY MI 49685",75,103,37
1202010,,"1800 E. JORDAN ROAD, MT PLEASANT MI 48858",46,92,34
1202012,MUNGER MOBILE HOMES,"4785 MUNGER ROAD, YPSILANTI MI 48197",20,32,15
1202014,HILLSIDE ACRES MHC,"5200 BANKERS ROAD, READING MI 49274",42,35,17
1202018,,"3462 E ROSEBUSH ROAD, ROSEBUSH MI 48878",14,92,34
1202022,PINE AIRE MOBILE HOME PARK LLC,"5480 ALPINE AVE NW, COMSTOCK PARK MI 49321",81,90,30
1202025,WASHBURN LAKE VILLAGE MHC,"59502 LONG LAKE ROAD, COLON MI 49040",43,36,17
1202026,BARRON LAKE AND ROSEBUSH ESTATES,"1318 ZILKE ROAD, CASS MI 49120",20,37,17
1202027,BARRON LAKE AND ROSEBUSH ESTATES,"2423 DICK STREET, NILES MI 49120",30,37,17
1202028,,"1804 WEST 18TH STREET, SAULT STE MARIE MI 49783",154,107,37
1202033,LAKEVIEW TRAILER COURT,"320 CEDAR STREET, SANFORD MI 48657",18,95,34
1202035,,"3812 POINTE TREMBLE ROAD, ALGONAC MI 48001",32,63,12
1202036,,"9600 NOOK ROAD, ST CLAIR MI 48001",45,63,12
1202037,,"3201 S EUCLID AVENUE, BAY CITY MI 48706",150,96,35
1202038,OAK FOREST,"20 POWELL STREET, BATTLE CREEK MI 49014",95,45,18
1202040,ALANSON ESTATES,"6760 S PROSPECT, ALANSON MI 49706",20,107,37
1202045,,"1811 N. TELEGRAPH ROAD, MONROE MI 48162",76,29,16
1202046,GROVELAND MANOR MHC,"13318 SOUTH DIXIE HWY, HOLLY MI 48442",186,68,24
1202051,HARDY PARK,"3531 ANTOR ROAD, NEWAYGO MI 49337",56,101,33
1202053,,"2198 E MOUNT MORRIS ROAD, MOUNT MORRIS MI 48458",391,67,26
1202055,,"135 N JANE STREET, CENTREVILLE MI 49032",83,36,17
1202057,TWIN MEADOWS,"1021 E SCOTTWOOD AVE, BURTON MI 48529",105,70,27
1202058,,"8025 S HURON RIVER DRIVE SOUTH, SOUTH ROCKWOOD MI 48179",50,28,16
1202061,,"3665 EASTERN AVE SE, WYOMING MI 49508",43,83,29
1202062,,"6006 EASTERN AVE SE, GRAND RAPIDS MI 49548",49,79,20
1202063,,"5720 EAST WASHINGTON ROAD, SAGINAW MI 48601",511,97,35
1202065,,"13401 84TH AVE, COOPERSVILLE MI 49404",52,89,30
1202068,FORNICOLA MHP,"2501 ASHMUN STREET, SAULT STE MARIE MI 49783",66,107,37
1202069,,"3921 W. MICHIGAN AVE, JACKSON MI 49202",40,46,14
1202070,PINE FOREST MOBILE HOME PARK,"7105 W VIENNA ROAD, CLIO MI 48420",50,NA,NA
1202071,SUNSET MHP,"1470 HARPER ROAD, MASON MI 48854",35,NA,NA
1202072,,"114 B STREET, CADILLAC MI 49601",98,NA,NA
1202075,TWIN PINES MHC WEST BRANCH,"1766 RAU ROAD, WEST BRANCH MI 48661",33,NA,NA
1202076,SAGINAW VALLEY MHC,"6160 DAVID ROAD, SAGINAW MI 48604",179,NA,NA
1202077,,"4975 SOUTH M-37 HWY, HASTINGS MI 49058",62,NA,NA
1202079,AMBER ESTATES MOBILE HOME PARK,"3460 47TH STEET, HAMILTON MI 49419",50,NA,NA
1200001,CEDARBROOK ESTATES,"323 LEGRAND BLVD., WHITE LAKE TWP., MI 48383",691,51,23
1200002,,"595 S MERIDIAN RD, HUDSON MI 49247",100,34,16
1200008,STERLING ESTATES,"43475 LAGRAND, STERLING HEIGHTS, MI 48078",760,57,9
1200009,,"41 REVERE, DAVISON, MI 48423",386,68,26
1200015,HICKORY HILLS VILLAGE,"10450 SIX MILE ROAD, BATTLE CREEK, MI 49017",283,45,18
1200022,JUNES MOBILE VILLAGE,"395 LABADIE COURT, ECORSE, MI 48229",146,2,1
1200025,INDIAN ACRES MOBILE HOME PARK,"770 129TH AVE. R#2, SHELBYVILLE, MI 49344",35,43,18
1200027,ALLEGAN MOBILE ESTATES,"1260 LINCOLN ROAD, ALLEGAN, MI 49010",42,43,20
1200028,DEARBORN TRAILER PARK,"21851 WEST WARREN, DEARBORN HEIGHTS, MI 48127",47,15,2
1200030,HOMECREST VILLA MOBILE HOME PARK,"3382 MONROE ROAD, ALLEGAN, MI 49010",58,43,20
1200031,WHITE PINE ESTATES,"PAUL DRIVE, MESICK, MI 49668",33,101,36
1200033,BUENA VISTA ESTATES,"17330 HONOR HWY, INTERLOCHEN, MI 49643",68,104,32
1200037,,"12176 14 MILE ROAD, GREENVILLE, MI 48838",22,91,33
1200038,BEDFORD HILLS,"110 BEJAC CIRCLE DR, BATTLE CREEK, MI 49037",340,44,18
1200041,LINCOLN ESTATES,"1139 LINCOLN AVENUE, HOLLAND, MI 49423",192,86,31
1200047,,"43400 LENFESTY, MT. CLEMENS, MI 48043",299,62,12
1200049,ANDREWS TRAILER COURT,"1202 WEST M-89, PLAINWELL, MI 49080",36,42,18
1200051,LEISURE VILLAGE,"5305 CIRCLE DR, BELMONT MI 49306",258,90,30
1200054,,"10364 DAVISON ROAD, DAVISON, MI 48423",26,68,26
1200055,,"12400 NORTH SAGINAW STREET, CLIO, MI 48420",29,69,27
1200057,,"28745 VAN BORN ROAD, ROMULUS, MI 48174",225,26,4
1200059,JOHNSON VILLAGE MOBILE HOME PARK,"2734 BLUE STAR HWY R#2, FENNVILLE MI 49408",75,NA,NA
1200061,,"638 NORTH MCKINLEY ROAD, FLUSHING, MI 48433",59,69,27
1200064,GRAND MOBILE VILLAGE,"6500 DIVISION AVENUE, GRAND RAPIDS, MI 49508",328,79,20
1200071,,"22600 MIDDLEBELT RD, FAARMINGTON HILLS MI 48024",226,18,6
1200074,,"3501 AUBURN ROAD, AUBURN HEIGHTS, MI 48057",162,101,36
1200076,,"3800 FRUIT RIDGE ROAD, GRAND RAPIDS, MI 49504",403,90,30
1200083,,"1485 RIDGEVIEW DR, LAPEER MI 48446",200,67,26
1200088,,"1540 LAPEER RD., OXFORD, MI 48371",320,66,24
1200102,,"885 S STATE STREET, CARO MI 48723",63,97,25
1200105,VILLAGE EAST MOBILE HOME PARK,"1258 LINCOLN ROAD, ALLEGAN, MI 49010",94,43,20
1200109,,"1066 LINDA LANE, MADISON HEIGHTS MI 48071",123,57,3
1200118,,"20832 TUCK ROAD, FARMINGTON HILLS, MI 48024",158,18,6
1200120,ECKERTS MOBILE HOME COURT,"2324 ELEVEN MILE ROAD BOX 2, WARREN, MI 48091",77,14,3
1200121,COUNTRY ACRES MOBILE HOME PARK,"5904 142ND AVE, HOLLAND MI 49423",113,43,31
1200128,,"23680 SANDPIPER DRIVE, CLINTON TOWNSHIP, MI 48036",633,61,12
1200137,SHADY OAKS MOBILE HOME PARK,"6168 W M-80, KINROSS MI 49752",14,108,38
1200138,,"20741 TUCK ROAD, FARMINGTON, MI 48024",34,18,6
1200139,BYRON CENTER,"2680 84TH STREET, BYRON CENTER, MI 49315",143,79,20
1200140,,"6471 SO. DIVISION, GRAND RAPIDS, MI 49508",284,80,29
1200149,,"3500 WEST JEFFERSON, TRENTON, MI 48183",65,27,4
1200150,SWARTZ CREEK MEADOWS,"4101 SHERIDAN ROAD, LENNON, MI 48449",608,69,27
1200152,TIMBERLINE ESTATES,"260 PIN OAK DRIVE, COOPERSVILLE, MI 49404",303,89,30
1200162,,"10080 US 23 NORTH, ALPENA, MI 49707",12,106,36
1200165,,"588 48TH SE, KENTWOOD MI 49508",334,80,29
1200169,HAWAIIAN GARDENS,"4261 GRANGE HALL ROAD, HOLLY, MI 48442",233,72,22
1200185,,"15851 WHITE CREEK AVENUE, CEDAR SPRINGS, MI 49319",177,91,33
1200189,WHITE LAKE MOBILE HOME VILLAGE,"1415 FISK ROAD, WHITE LAKE, MI 48386",315,51,23
1200191,KINGS COURT,"1585 RAY BLVD, TRAVERSE CITY, MI 49686",803,103,37
1200193,,"400 NOTRE DAME BLVD., ROMEO, MI 48065",98,66,24
1200205,PAW PAW LAKE MOBILE HOME PARK,"5259 NORTH WATERVLIET RD, WATERVLIET, MI 49098",49,39,20
1200207,TOPAZ ESTATES,"2100 135TH AVENUE, HOPKINS, MI 49328",46,43,20
1200212,EVERGREEN MOBILE HOME COMMUNITY,"2096 N STATE RD, IONIA MI 48846",109,78,33
1200215,,"1925 LAURA ST, ALLEGAN, MI 49010",75,43,20
1200216,,"6737 NORTHLAND DRIVE, ROCKFORD, MI 49341",170,90,30
1200217,CROSWELL ESTATES,"20 BLACK RIVER ROAD, CROSWELL, MI 48422",42,98,25
1200224,TOWN & COUNTRY,"849 MANOR, TRAVERSE CITY, MI 49684",192,103,37
1200225,WOODLAND ESTATES MANUFACTURED HOUSING COMMUNITY,"1600 S 30TH ST, ESCANABA MI 49829",226,108,38
1200228,EVERGREEN ESTATES,"2158 W CARO RD, CARO MI 48723",93,97,25
1200235,KNOLLWOOD ESTATES,"4595 KNOLLWOOD DRIVE, ALLENDALE, MI 49401",161,89,30
1200239,SUNNYSIDE PARK,"2740 PACKARD, ANN ARBOR, MI 48108",53,33,15
1200244,,"530 LANIER, SOUTH LYON, MI 48178",211,23,23
1200247,ALANS PARK,"3575 NICHOLSON RD, FOWLERVILLE, MI 48836",199,50,22
1200250,,"26115 THIRD STREET, TAYLOR, MI 48180",269,29,1
1200255,,"46537 ECORSE, BELLEVILLE, MI 48111",37,31,4
1200261,,"2330 E. MAIN ST., NILES, MI 49120",110,37,17
1200263,SUN CAMELOT VILLA,"17111 HALL ROAD, MACOMB, MI 48044",712,60,11
1200277,KENSINGTON PLACE,"60501 GRAND RIVER AVENUE, NEW HUDSON, MI 48165",488,49,23
1200279,,"10692 N BLACK RIVER RD., CHEBOYGAN, MI 49721",8,106,37
1200280,,"7550 BEECH DALY, TAYLOR, MI 48180",114,29,1
1200282,,"5649 S. VERNON RD., DURAND, MI 48429",44,71,28
1200283,SYCAMORE VILLAGE,"900 W COLUMBIA ST, MASON, MI 48854",449,73,21
1200287,,"16940 SOUTH OAKLEY ROAD, CHESANING, MI 48616",125,71,34
1200291,,"400 WEST GRAND RIVER AVENUE, WEBBERVILLE, MI 48892",174,73,22
1200293,GRIEVES TRAILER PARK,"178 WASHINGTON STREET, SARANAC, MI 48881",4,78,18
1200304,,"2265 WEST PARKS ROAD - LOT 1, ST. JOHNS, MI 48879",216,75,28
1200314,,"2701 WEST LONG LAKE ROAD, ORLEANS, MI 48865",27,91,33
1200316,,"8924 WEST LONG LAKE ROAD, ALPENA, MI 49707",58,106,36
1200317,LAKEVIEW MOBILE HOME PARK,"9910 GERALDINE STREET, YPSILANTI, MI 48197",392,32,15
1200323,,"415 WEST CHICAGO ROAD, COLDWATER, MI 49036",62,35,17
1200330,DUNLOPS ORCHARD PARK,"12703 WEST PINE LAKE ROAD, PLAINWELL, MI 49080",22,43,18
1200333,,"4840 ALPINE AVENUE NW, COMSTOCK PA 49321",118,90,30
1200341,COUNTRY VILLAGE MOBILE HOME ESTATES,"7781 WEST GRAND RIVER, GRAND LEDGE, MI 48837",75,77,28
1200342,COUNTRY VILLAGE ESTATES,"2701 I-75 BUSINESS LOOP, WEST BRANCH MI 48661",53,99,36
1200344,,"6600 PORTAGE LAKE ROAD, MUNITH, MI 49259",250,48,14
1200345,,"14253 EAST ON AVENUE, CLIMAX, MI 49034",75,45,18
1200348,,"3205 DOUGLAS AVE, KALAMAZOO MI 49007",150,41,19
1200349,,"3998 SUNSET DRIVE, BROOKLYN, MI 49230",149,47,14
1200352,,"121 SPLIT RAIL TRAIL, HANOVER, MI 49241",94,45,14
1200353,GLENVIEW MOBILE HOME PARK,"4090 JACKSON RD, SARANAC, MI 48881",13,78,18
1200357,COLONIAL ACRES MHC,"5374 E DEADWOOD DRIVE, KALAMAZOO MI 49002",612,41,19
1200359,,"817 NORTH CLINTON, GRAND LEDGE, MI 48837",168,77,21
1200367,GLENN WOOD MOBILE VILLAGE,"2526 MORRISSEY, WARREN, MI 48090",147,14,3
1200377,MOBILEHOME BEACH,"92441 LAKE SHORE DR, LAWTON, MI 49065",29,39,20
1200378,LAWRENCE MOBILE HOME PARK,"175 CORWIN, LAWRENCE, MI 49064",60,39,20
1200384,KLINES RESORT & MOBILE HOME PARK,"22460 KLINES RESORT RD R#2, THREE RIVERS MI 49093",159,36,17
1200386,COLONIAL ESTATES MANUFACTURED HOME COMMUNITY,"501 N US WAY 131 #9, WHITE PIGEON MI 49099",112,36,17
1200392,,"24995 US 12 EAST, EDWARDSBURG, MI 49112",106,36,17
1200397,,"240 S MT TOM RD, MIO MI 48647",9,105,36
1200403,,"25214 GRATIOT AVE, ROSEVILLE MI 48066",166,12,11
1200405,LAKEVIEW MOBILE HOME ESTATES,"R#2 INDIAN LAKE, EAU CLAIRE, MI 49111",18,37,17
1200409,,"2315 EAST RIVER ROAD, TWIN LAKE, MI 49457",302,87,32
1200415,APPLE CARR VILLAGE,"516 COURTLAND, MUSKEGON, MI 49442",716,89,32
1200422,WESTPHALIA TRAILER COURT,"13606 JASON RD., WESTPHALIA MI 48894",8,77,28
1200430,WILLOW GREEN MOBILE HOME COMMUNITY,"2033 N OUTER DR, MONROE MI 48161",586,30,16
1200436,MEADOWBROOK ESTATES MANUFACTURED HOME COMMUNITY,"1250 STRANDWYCK, MONROE, MI 48161",455,30,16
1200437,,"6230 LEWIS, TEMPERENCE MI 48182",518,30,16
1200440,ALLENDALE MEADOWS,"11400 BOYNE BLVD., ALLENDALE, MI 49401",352,89,30
1200441,,"2250 OTTAWA BEACH ROAD, HOLLAND, MI 49424",45,86,31
1200442,MAPLE VIEW,"1984 92ND AVENUE, ZEELAND, MI 49464",93,85,31
1200443,MICHIANA MOBILE HOME PARK,"135 SOUTH NOTTAWA, NOTTAWA, MI 49075",40,36,17
1200447,,"3768 PINE ISLAND DR., LOT 9, HOLTON, MI 49425",30,102,32
1200451,WHISPERING PINES ESTATES,"R#4 PHOENIX ROAD, SOUTH HAVEN, MI 49090",50,38,20
1200452,LEXINGTON NORTH SHORES,"5203 MAIN STREET, LEXINGTON, MI 48450",232,98,25
1200454,,"13323 NORTHLAND DRIVE, CEDAR SPRINGS, MI 49319",71,91,33
1200455,,"7825 CANNONSBURG ROAD, ROCKFORD, MI 49341",29,90,33
1200463,WEST POINT HILLS,"24878 25TH STREET, MATTAWAN, MI 49071",377,39,19
1200464,WINDMILL PARK,"1433 EIFERT ROAD, HOLT, MI 48842",484,74,21
1200470,VALLEY SPRINGS MOBILE HOME PARK,"4723 NORTH HARTEL ROAD, POTTERVILLE, MI 48876",81,76,21
1200471,,"4084 WEST STANLEY RD., MT. MO 48458",480,NA,NA
1200473,FLAT ROCK VILLAGE,"11150 TELEGRAPH ROAD, CARLETON, MI 48117",332,29,32
1200474,,"7725 SUMMERFIELD RD, LAMBERTVILLE MI 48144",28,30,16
1200475,FAIRVIEW ESTATES,"1401 NORTH 23RD STREET, ESCANABA, MI 49829",154,108,38
1200489,,"3785 EVANSTON AVE, MUSKEGON MI 49442",660,87,32
1200494,RUDGATE MANOR MOBILE HOME PARK,"5150 RUDGATE BLVD, STERLING HEIGHTS, MI 48078",931,57,9
1200495,PRESIDENTIAL ESTATES,"5075 PRESIDENTIAL LANE, HUDSONVILLE, MI 49426",364,85,31
1200501,EMERALD ESTATES,"236 JONES ST, GRANT, MI 49327",31,101,33
1200502,,"1215 LOCUST STREET, FREMONT, MI 49412",84,101,33
1200504,,"927 LAKE DRIVE, FREMONT, MI 49412",55,101,33
1200511,EVERGREEN ESTATES MOBILE HOME PARK,"532 WEST CHICAGO ROAD, JONESVILLE, MI 49250",108,35,16
1200518,,"1625 VINECROFT NW, GRAND RAPIDS, MI 49504",43,84,30
1200527,GLEN-AIRE MOBILE HOME PARK,"1153 WEST GLENLORD ROAD, ST. JOSEPH, MI 49085",130,38,20
1200531,NORTH SHORES ESTATES MOBILE HOME PARK,"1565 M-63 NORTH #33, BENTON HARBOR, MI 49022",99,38,20
1200538,,"1700 ROBBINS RD. #301, GRAND HAVEN, MI 49417",391,88,31
1200547,FRENCHTOWN VILLA,"1250 PAREE AVENUE, NEWPORT, MI 48166",749,28,16
1200553,CLARKSTON LAKES MOBILE HOME COMMUNITY,"4260 DOGWOOD BOULEVARD, CLARKSTON, MI 48016",498,66,24
1200588,KEY HEIGHTS VILLAGE,"11335 EAST FULTON, LOWELL, MI 49331",286,78,18
1200589,,"135 SOUTH MAIN, KENT CITY, MI 49330",74,89,33
1200594,EAGLE LAKE ESTATES MOBILE HOME PARK,"24050 NORTH SHORE DR #93, EDWARDSBURG MI 49112",92,36,17
1200599,,"3096 CAMELOT DR, FLINT MI 48507",319,70,27
1200600,HI-WAY MOBILE HAVEN,"2600 LANSING ROAD, CHARLOTTE, MI 48813",67,76,21
1200604,DOUGLAS MOBILE ESTATES,"BLUE STAR HWY, DOUGLAS MI 49406",97,NA,NA
1200606,,"13400 CORNELL RD, CONCORD MI 49224",19,45,17
1200616,,"4118 SOUTH SEEGER STREET, CASS CITY MI 48726",14,98,25
1200622,HURON SHORES MANUFACTURED HOME COMMUNITY,"144 SHORELINE EAST, PORT SANILAC, MI 48469",192,98,25
1200629,SHANGRI LA VILLAGE MOBILE HOME COMMUNITY,"6900 SOUTH RIVER ROAD, MARINE CITY, MI 48039",271,63,25
1200630,HIGHLAND HILLS ESTATES,"25600 SEELEY, NOVI, MI 48050",198,21,13
1200633,NOTTINGHAM FOREST MHC,"1665 M32 WEST, GAYLORD, MI 49735",74,105,36
1200637,,"310 48TH STREET, S.E., GRAND RAPIDS, MI 49548",155,80,29
1200651,FENNERS MOBILE VILLAGE,"4172 LAPEER ROAD, PORT HURON, MI 48060",35,64,25
1200655,,"12675 COLBY LAKE ROAD, LAINGSBURG, MI 48848",44,75,28
1200658,,"4600 W. BRITTON ROAD, PERRY, MI 48872",360,71,28
1200666,,"606 BJORNSON STREET, BIG RAPIDS, MI 49307",137,100,34
1200670,,"5100 LITTLE PAW PAW LAKE ROAD, COLOMA, MI 49038",160,39,20
1200678,TELA VALLEY MHC,"17707 TELEGRAPH ROAD, BROWNSTOWN MI 48174",487,28,4
1200681,VACATION VILLAGE MOBILE HOME PARK,"509 LAKE, ELK RAPIDS, MI 49629",64,104,37
1200683,,"7345 MILL STREET, VANDERBILT, MI 49795",20,105,36
1200684,,"SANDS STREET AT RUSH STREET, PENTWATER, MI 49449",40,102,32
1200685,,"271 N. EASTWOOD, HART, MI 49420",63,102,32
1200687,,"316 WEST MICHIGAN AVENUE, CLINTON, MI 49236",172,33,15
1200695,,"650 W ADRIAN ST LOT 176, BLISSFIELD, MI 49228",235,34,16
1200708,,"24600 JOY RD, REDFORD CHARTER TOWNSHIP MI 48239",151,16,6
1200709,STRATFORD VILLA MOBILE HOME PARK,"3333 STRATFORD WAY, WIXOM, MI 48076",409,49,23
1200710,WILLOW TREE VILLAGE MHC,"3840 N RIATA, BAY CITY MI 48706",78,96,35
1200711,COUNTRY ACRES MANUFACTURED HOME COMMUNITY,"300 KRISTY JO, CADILLAC, MI 49601",182,101,36
1200712,,"4461 CLYDE PARK SW, GRAND RAPIDS, MI 49509",160,83,29
1200716,,"1340 POST ROAD, BELMONT, MI 49306",259,90,30
1200718,,"1265 FARNSWORTH RD, LAPEER MI 48446",230,67,26
1200727,,"1701 W. U.S. 10, SCOTTVILLE, MI 49454",74,102,32
1200730,BARODA ESTATES,"8836 STEVENSVILLE BARODA RD #7, BARODA, MI 49101",152,37,17
1200731,YOUNGS TRAILER PARK,"521 E CHURCH ST, REED CITY MI 49677",17,100,34
1200740,,"14201 RIDGE RD, PLYMOUTH MI 48170",635,23,13
1200758,,"11100 DAVISON RD, DAVISON MI 48423",190,68,26
1200763,NORTHERN COUNTRY ESTATES,"1030 M-76, ALGER, MI 48610",40,99,36
1200784,,"7500 GRAND RIVER, BRIGHTON, MI 48116",196,48,22
1200793,PARKWOOD GREEN VILLAGE,"630 SCHULTZ ROAD, SPARTA, MI 49345",108,90,33
1200794,ROCHESTER ESTATES,"700 LEGRAND, ROCHESTER, MI 48063",775,55,25
1200797,BELLE MOBILE VILLAGE,"18100 ELWELL RD LOT 118, BELLEVILLE MI 48111",118,31,4
1200799,,"1259 MC DEVITT, JACKSON, MI 49203",206,47,14
1200805,NORTHWOODS COMMUNITY,"2100 NORTH HINTZ ROAD, OWOSSO, MI 48867",97,71,28
1200808,,"1515 RIDGE RD, YPSILANTI MI 48197",373,32,15
1200811,,"8800 MARKET ST., PITTSFORD, MI 49271",14,35,16
1200817,BRENTWOOD ESTATES,"3278 BRENTWOOD DRIVE, BAY CITY MI 48706",150,96,35
1200823,,"26855 HAGGERTY ROAD, NOVI, MI 48377",311,NA,NA
1200825,SUNSET MOBILE HOME PARK,"854 WEST SANILAC ROAD, SANDUSKY, MI 48471",105,98,25
1200826,,"4396 132ND AVE, HAMILTON, MI 49419",59,43,20
1200831,,"1236 COUNTY ROAD 200, HIGGINS LAKE, MI 48653",20,105,36
1200838,,"2750 W HIGGINS LAKE DR, ROSCOMMON MI 48653",10,105,36
1200841,LEISURE ESTATES/VILLAGE MOBILE HOME COMMUNITY,"523 BUTTERNUT DRIVE, HOLLAND, MI 49423",438,86,31
1200846,,"7005 SHELDON RD, WHITMORE LAKE MI 48189",152,48,22
1200847,,"1305 NORTH SPRING ST LOT 69, GLADWIN, MI 48624",113,99,34
1200851,,"11067 E MT MORRIS RD, DAVISON MI 48423",104,67,26
1200852,LAKEVIEW ESTATES,"37111 MAIN STREET, NEW BALTIMORE, MI 48047",42,63,12
1200863,,"16105 DOYLE RD, HEMLOCK MI 48626",159,93,26
1200866,LAFAYETTE PLACE,"21155 WARNER, WARREN, MI 48091",254,14,3
1200877,,"2965 PATTERSON ROAD R#3, WAYLAND, MI 49348",117,43,18
1200884,WOODHAVEN PLACE ESTATES MANUFACTURED HOME COMMUN,"23501 VAN HORN RD, WOODHAVEN, MI 48183",220,28,4
1200885,RICHMOND PLACE ESTATES MANUFACTURED HOME COMMUNI,"36401 DIVISION ROAD, RICHMOND, MI 48062",117,65,25
1200886,ST CLAIR PLACE ESTATES MANUFACTURED HOME COMMUN,"2700 COX, ST. CLAIR, MI 48079",100,64,25
1200896,,"182 EAST D AVENUE, KALAMAZOO, MI 49004",76,42,19
1200897,,"28261 VAN BORN RD, ROMULUS MI 48174",208,26,4
1200906,SPRING LAKE,"604 W JOHN BEERS ROAD, STEVENSVILLE, MI 49127",389,38,20
1200911,,"401 SOUTH ST. JOHNS STREET, ITHACA, MI 48847",128,92,34
1200912,,"629 EAST LAKE ROAD, HARBOR SPRINGS, MI 49740",68,107,37
1200914,PINEBROOK VILLAGE,"444 BELLEWOOD, SE, GRAND RAPIDS, MI 49508",185,80,29
1200918,,"1701 FAIRLAWN, HOWELL, MI 48843",48,50,22
1200923,INDIAN VILLAGE MOBILE HOME PARK I,"2600 E SOUTH ST, JACKSON MI 49201",300,46,14
1200932,BAY SHORE ESTATES MOBILE HOME PARK,"7463 OLD US 31 HIGHWAY, PETOSKEY, MI 49770",83,107,37
1200934,LAKEVIEW VILLAGE MOBILE HOME PARK,"526 NORTH LAKE STREET, BOYNE CITY, MI 49712",171,107,37
1200936,,"11043 11 MILE RD, MECOSTA, MI 49332",8,100,34
1200938,,"7321 WHITE RD LOT 74, MUSKEGON, MI 49442",128,89,32
1200954,,"4991 WIXOM ROAD, BEAVERTON, MI 48612",68,95,34
1200959,,"411 DAILEY DRIVE, REED CITY, MI 49677",49,100,34
1200961,WOODS & FIELDS COMMUNITIES WEST,"2627 WEST M-21, OWOSSO, MI 48867",72,71,28
1200963,HURON ESTATES MOBILE HOME COMMUNITY,"22000 INKSTER ROAD, ROMULUS, MI 48174",807,29,4
1200966,KEY MOBILE HOME COURT,"221 LAKEVIEW DR, GLADWIN, MI 48624",32,99,34
1200967,,"4385 VAN ETTAN DAM RD, OSCODA MI 48750",32,99,36
1200971,,"6564 EAST MICHIGAN AVENUE, SALINE, MI 48175",148,33,15
1200974,,"7400 MICHIGAN HEIGHTS DR, CHARLEVOIX, MI 49720",108,107,37
1200979,EAST VILLAGE ESTATES,"57400 BEDFORD BLVD, WASHINGTON MI 48034",708,66,24
1200983,HILLVIEW MOBILE ESTATES,"6545 E CENTER ST, COLOMA MI 49038",88,39,20
1200989,,"13380 M-60, CONCORD, MI 49237",82,45,17
1200994,,"GARNER DRIVE, IMLAY CITY, MI 48444",12,65,26
1200999,NOVI MEADOWS MOBILE HOME PARK,"26250 VIRGINIA AVENUE, NOVI, MI 48374",401,21,13
1201003,KING ARTHURS COURT,"2201 EAST STATE ROAD, LANSING, MI 48906",425,77,28
1201009,BROOKSHIRE MEADOWS,"7635 QUAIL RUN, GRAND RAPIDS, MI 49508",303,79,20
1201010,DUTTON MILL VILLAGE,"6720 WEST MILL RUN, CALEDONIA, MI 49316",307,79,20
1201011,WHISPERING PINES MOBILE HOME PARK,"9397 ALPINE AVENUE, SPARTA, MI 49345",50,90,33
1201024,RUDGATE CLINTON MOBILE HOME PARK,"20475 FOSTER DR, CLINTON TOWNSHIP MI 48036",667,61,11
1201026,RIVER HAVEN,"14546 MERCURY DRIVE, GRAND HAVEN, MI 49417",721,88,31
1201029,,"30600 VAN BORN RD, WESTLAND MI 48186",772,26,5
1201031,,"1330 E MAPLE, FLINT, MI 48507",302,72,27
1201032,SANDHILL ESTATES,"4063 BOWERS RD, ATTICA, MI 48412",50,65,26
1201035,SCIO FARMS,"6655 JACKSON RD, ANN ARBOR MI 48103",913,47,14
1201038,EVERGREEN VILLAGE MHP,"146 N SMITH, HESPERIA, MI 49421",99,101,33
1201039,SHEFFIELD ESTATES MHP,"165 OPDYKE, AUBURN HILLS, MI 48057",228,54,7
1201042,,"5406 TORREY RD, FLINT, MI 48057",377,71,27
1201043,PARK PLACE COMMUNITY,"200 EUREKA ST, CLIO, MI 48420",160,69,26
1201044,FISHERMANS COVE MANUFACTURED HOUSING COMMUNITY,"4441 JENA LANE, FLINT, MI 48507",162,70,27
1201047,,"1515 ROLSTON RD, LINDEN, MI 48451",280,72,22
1201050,SCOTSDALE ESTATES,"3382 ALMA DRIVE, ALMA, MI 48801",189,92,34
1201052,CEDAR RIDGE MANUFACTURED HOUSING COMMUNITY,"5000 13TH STREET, MENOMINEE, MI 49858",76,108,38
1201054,ARBOR MEADOWS MOBILE HOME COMMUNITY,"5229 W MICHIGAN, YPSILANTI, MI 48197",409,32,15
1201056,COUNTRY MEADOWS MANUFACTURED HOME COMMUNITY,"3211 WILL CARLETON, FLAT ROCK, MI 48134",577,29,4
1201059,,"2300 EAST STATE ROAD, LANSING, MI 48906",228,77,28
1201063,,"26211 TELEGRAPH ROAD, FLAT ROCK, MI 48134",821,28,4
1201065,WELLINGTON ESTATES MHC,"16031 BEECH DALY RD, TAYLOR MI 48180",404,28,4
1201067,OAK ISLAND VILLAGE MOBILE HOME PARK,"16430 PARK LK RD, EAST LANSING MI 48823",250,75,28
1201068,COMMERCE MEADOWS MANUFACTURED HOME COMMUNITY,"2400 MEADOWS CIRCLE, WIXOM, MI 48096",602,51,23
1201070,ROLLING HILLS MOBILE HOME COMMUNITY,"300 MORGAN RD, BATTLE CREEK MI 49017",363,44,18
1201074,MAPLE VALLEY OF ZEELAND,"1901 88TH AVENUE, ZEELAND, MI 49464",161,85,31
1201075,WINDSOR WOODS VILLAGE,"1135 SUPERIOR STREET, WAYLAND, MI 49348",314,43,18
1201078,,"6300 WEST ADAMS, BELLEVILLE, MI 48111",173,31,4
1201081,,",",333,40,19
1201082,BIRCHWOOD ESTATES,"4335 24TH AVE, FORT GRATIOT, MI 48059",195,64,25
1201084,,"2400 56TH STREET, FENNVILLE, MI 49408",167,43,20
1201086,,"2035 EAST IRONWOOD COURT, MUSKEGON, MI 49442",462,89,32
1201090,PHEASANT RIDGE,"364 MEADOW LANE, CADILLAC, MI 49601",196,101,36
1201091,KENSINGTON MEADOWS,"4245 WEST JOLLY ROAD, LANSING, MI 48911",290,76,21
1201092,NORTHERN ESTATES - NORTH,"1569 BEAVER CREEK DRIVE, BELMONT, MI 49306",292,90,30
1201097,BROOKSIDE VILLAGE,"3130 SLATER AVENUE, GRAND RAPIDS, MI 49512",196,80,29
1201098,WARREN DUNES VILLAGE,"11159 RED ARROW HWY., BRIDGMAN, MI 49106",316,38,17
1201100,MEADOW LAKE ESTATES MANUFACTURED HOUSING COMMUNI,"3951 BENTWOOD CIRCLE WEST, WHITE LAKE MI 48383",425,51,23
1201103,FOUNTAIN SPRINGS,"1410 SOUTH 9TH ST, KALAMAZOO MI 49009",328,40,19
1201106,CIDER MILL VILLAGE,"425 CIDER MILL DRIVE, MIDDLEVILLE, MI 49333",258,79,18
1201108,,"7197 SILVER MAPLE LN, BROWN CITY, MI 48416",124,98,25
1201109,,"1563 LANSING RD., CHARLOTTE, MI 48813",128,76,21
1201113,OAK BLUFF ESTATES MOBILE HOME PARK,"2722 S. HILL RD., GLADSTONE, MI 49837",177,108,38
1201114,NORTH WAYNE ESTATES,"27130 CORWIN ST., DOWAGIAC, MI 49047",10,37,17
1201119,,"32 EAST END DRIVE, GAYLORD, MI 49735",225,105,36
1201120,WOODS & FIELDS COMMUNITIES EAST,"2450 KROUSE ROAD, OWOSSO, MI 48867",323,71,28
1201123,,"600 CHEESMAN RD., ST. LOUIS, MI 48880",77,92,34
1201124,"BROOKSHIRE MEADOWS WEST, INC","1501 PORT SHELDON RD., JENISON, MI 49428",93,85,31
1201126,WAVERLY SHORES VILLAGE,"11777 RILEY, HOLLAND, MI 49423",417,86,31
1201127,,"1168 NORTH OAK ROAD, DAVISON, MI 48423",221,68,26
1201128,WEST VILLAGE ESTATES,"7040 SHAWNEE, ROMULUS, MI 48174",629,26,4
1201129,WILLIAMSTON LAKES MHC,"2300 E GRAND RIVER, WILLIAMSTON MI 48895",48,73,28
1201132,,"10431 DIXIE HWY., FAIR HAVEN, MI 48023",12,63,12
1201134,WEST PINE ISLAND,"3534 PINEWOOD TRAIL, HOLTON, MI 49425",30,102,32
1201135,MILL RACE SHORES MHC,"563 ALLEN RD., MILAN, MI 48160",97,31,15
1201137,HURON BAY RESORT,"2545 LAKE SHORE RD LOT 52, APPLEGATE MI 48401",66,98,25
1201138,,"82 DEERFIELD PL, NORTH BRANCH MI 48461",123,98,26
1201146,,"7243 SHELDON RD, HAMBURG TOWNSHIP MI 48189",195,48,22
1201148,,"13012 U.S. 23 SOUTH, OSSINEKE, MI 49766",14,106,36
1201153,,"1065 PEACH BLOSSOM CIRCLE, BURTON, MI 48509",390,68,26
1201154,DUNDEE MEADOWS,"630 RAWSON, DUNDEE, MI 48131",80,31,16
1201158,OLD OAK TRAILS ESTATES MOBILE HOME PARK,"1661 N OLD OAK TR, SANFORD, MI 48657",215,95,35
1201159,,"4629  134TH AVENUE, HAMILTON, MI 49419",49,43,20
1201162,SILVER SPRINGS,"43600 PARK DRIVE WEST, CLINTON TOWNSHIP, MI 48036",547,61,12
1201164,COUNTRY MEADOWS VILLAGE,"5401  76TH STREET, CALEDONIA MI 49316",395,79,18
1201165,SILVERBROOK MANUFACTURED HOUSING COMMUNITY,"2300 EAST MAIN STREET, NILES, MI 49120",176,37,17
1201167,BROOKHAVEN MHP,"622 DIVISION, NEWAYGO, MI 49337",222,101,33
1201168,VICTORIA MEADOWS HOME COMMUNITY,"N. MILL ST., DRYDEN, MI 48428",130,65,24
1201172,,"16423 JENNINGS ROAD, FENTON, MI 48430",203,72,22
1201173,HARTLAND MEADOWS,"13643 WEST HIGHLAND ROAD, HARTLAND, MI 483533128",617,50,22
1201175,CREEKWOOD MEADOWS,"4272 CREEKSIDE BOULEVARD, BURTON, MI 48429",336,68,27
1201178,COUNTRY HILLS VILLAGE,"2200 RILEY STREET, JAMESTOWN, MI 49427",239,43,31
1201182,,"5402 EAST BROADWAY, MT. PLEASANT, MI 48858",225,92,34
1201183,WEATHERSTONE VILLAGE COMMUNITY,"5210 MARSH ARBOR TRAIL, KALAMAZOO MI 49004",101,42,19
1201185,NORTHVILLE CROSSING,"9800 BLOOMSBURY CIRCLE, NORTHVILLE, MI 48167",756,23,14
1201188,ELIZABETH WOODS MANUFACTURED HOUSING COMMUNITY,"1250 PAREE STREET, NEWPORT, MI 48166",393,28,16
1201189,,"2000 MAPLE RUN BLVD., CLIO, MI 48420",145,97,26
1201190,MORRICE MEADOWS,"328 N. HIDDEN RIDGE RD., MORRICE, MI 48857",103,71,28
1201191,,"5901 LAPEER ROAD, KIMBALL MI 48074",313,64,25
1201192,SADDLEBROOK FARMS,",",147,40,19
1201196,,"3626 W. HIDDEN FOREST DRIVE, LUDINGTON, MI 49431",119,102,32
1201202,WALTON RIDGE MOBILE HOME COMMUNITY,"1360 FOXRUN CT., PONTIAC, MI 48340",155,53,7
1201203,,"110 PINE LAKE DRIVE, LAPEER, MI 48446",249,67,26
1201205,,"1011 RIVER LINE DRIVE, HOWELL TOWNSHIP, MI 48843",498,50,22
1201206,MAPLE LEAF COMMUNITY,"8701 E. M-21, OVID, MI 48866",76,75,28
1201211,,"2447 NEWPORT ROAD, NEWPORT, MI 48166",513,28,16
1201213,,"3331 STONEYBROOK DRIVE, HIGHLAND TOWNSHIP, MI 48380",455,51,23
1201214,WHISPERING VALLEY ESTATES,"8410 U.S. 2, RAPID RIVER MI 49878",14,108,38
1201216,,"236 SYCAMORE CT, PORT HURON, MI 48060",184,64,25
1201217,HUNTERS CROSSING,"150 HUNTERS CROSSING BLVD., CAPAC, MI 48014",114,65,25
1201219,CASEVILLE RESORT & MARINA,"6545 RIVERSIDE DRIVE, CASEVILLE, MI 48725",40,98,25
1201225,DOVER FARMS,"1590 DOVER DRIVE, MARTIN, MI 49070",96,43,18
1201226,CAPITOL HILLS,"6300 W. ADAMS, BELLEVILLE, MI 48111",330,31,4
1201227,TYRONE WOODS,"8378 HOGAN ROAD, FENTON, MI 48430",403,72,22
1201230,AUGUSTA WOODS,"8330 N BROOKSTON, WILLIS, MI 48191",484,31,15
1201232,MARATHON MEADOWS,"4246 LEVALLEY RD., COLUMBIAVILLE, MI 48421",47,67,26
1201235,FALCON POINTE,"555 QUARTERHORSE RD., EAST LANSING, MI 48823",18,75,28
1201241,ORCHARDS MANUFACTURED HOME COMMUNITY,"3600 TOWNSQUARE BLVD, CARLETON, MI 48117",394,29,16
1201253,,"13033 19 MILE RD, GOWEN, MI 49326",156,91,33
1201254,,"30030 W 8 MILE RD, FARMINGTON HILLS MI 48336",65,18,6
1201256,BIRCHWOOD ESTATES WEST,"3211 KEEWAHDIN ROAD, FORT GRATIOT, MI 48059",145,64,25
1201265,,",",45,42,19
1201277,MEADOWLANDS,"17305 VALENCIA DR, GIBRALTAR, MI 48173",321,27,4
1201280,EDGEWOOD ESTATES,"1620 WILLOW CREEK ROAD, ESCANABA, MI 49829",76,108,38
1201281,,"1016 PARKSIDE BLVD, BAYCITY MI 48706",137,96,35
1201285,LITTLE GEM TRAILER PARK,"1678-1694 N 10TH ST, MARTIN MI 49070",14,42,18
1201297,,"10670 DIXIE HWY., BIRCH RUN, MI 48415",50,97,26
1201298,,",",32,45,18
1201302,BIRCH FOREST,"37 SQUIRREL RD., BIRCH RUN, MI 48415",103,97,26
1201317,FOREST LAKE MHC,"17147 148TH AVENUE, SPRING LAKE, MI 49456",221,88,31
1201322,HARBOR VILLAGE COMMUNITY,"1208 ELM STREET, FRANKFORT, MI 49635",21,104,32
1201326,,"11 EVERGREEN DRIVE, ST LOUIS, MI 48880",183,92,34
1201330,,"2197 E MT MORRIS RD, MT MO 48458",685,67,26
1201333,,"25 PINE RIDGE, LAPEER, MI 48446",215,67,26
1201341,,"401 KUIPERS DR, MIDLAND MI 48642",140,95,35
1201342,CIDER MILL CROSSINGS,"9900 TOWN SQ BLVD, FENTON MI 48430",621,72,22
1201344,,"401 HOWARD AVE, HOLLAND MI 49424",38,86,31
1201345,,"3730 LAPEER RD, PORT HURON MI 48060",148,64,25
1201346,,"58220 W EIGHT MILE RD, NORTHVILLE MI 48167",336,21,6
1201347,,"11640 TOWNSQUARE BLVD, ROCKFORD MI 49341",428,90,33
1201351,SOMERSET MEADOWS MHC,"5655 BLUERIDGE AVE, KIMBALL MI 48074",162,64,25
1201352,CAMELOT MANOR MHC,"6263 DIVISION AVE S, GRAND RAPIDS MI 49508",335,83,20
1201357,,"2951 HIGGINSON, HARRISVILLE MI 49740",21,106,36
1201360,HERITAGE HILLS MOBILE HOME ESTATES,"3677 SOUTH PERE MARQUETTE HWY., LUDINGTON, MI 49431",30,102,32
1201366,,"3290 S GETTY STREET, NORTON SHORES MI 49444",41,87,32
1201373,PONDVIEW ESTATES,"621 N WALNUT STREET, GREENVILLE MI 48838",118,91,33
1201375,,"4624 S HURON RIVER DRIVE, FLAT ROCK MI 48134",22,28,16
1201376,,"6335 THORNAPPLE LAKE RD, NASHVILLE MI 49073",215,78,18
1201379,SHADY GROVE VILLAGE,"4128 MICHIGAN AVE., ONAWAY MI 49765",21,106,36
1201385,VILLAGE TRAILS,"518 HICKORY LANE, HOWARD CITY MI 49329",100,91,33
1201386,COLLEGE PARK ESTATES,"51074 MOTT ROAD, #243, CANTON MI 48188",230,24,5
1201387,SHERMAN OAKS,"1144 SHERMAN BLVD, JACKSON MI 49201",366,45,14
1201388,,"51000 MICHIGAN AVENUE, BELLEVILLE MI 48111",147,31,4
1201389,,"51000 MOTT RD, CANTON MI 48188",230,24,5
1201390,,"14401 N RIDGE ROAD, PLYMOUTH MI 48170",141,23,13
1201401,WOODVIEW MOBILE HOME VILLAGE,"6988 READY ST, WARREN MI 48091",92,58,10
1201406,,"475 N MAPLE, SALINE MI 48176",81,33,15
1201408,BRANDYMORE PINES MHC,"4400 KRAFFT RD, FORT GRATIOT MI 48059",192,64,25
1201410,CONWAY COMMONS PARK,"2959 ODEN ROAD, ALANSON MI 49706",124,107,37
1201411,OTTOGAN MOBILE HOME ESTATES,"173 LIZBETH, HOLLAND MI 49423",278,85,31
1201413,,"12500 JONES STREET, CARLETON MI 48117",228,29,16
1201415,MAPLEWOOD MOBILE HOME COMMUNITY,"50 INCA DRIVE SW, GRAND RAPIDS MI 49548",115,83,20
1201417,,"877 KINTER, BRONSON MI 49028",11,35,17
1201419,PARKS PLACE ESTATES,"14065 30TH AVE, REMUS MI 49340",29,100,34
1201420,,",",212,43,31
1201429,,"1550 W BEECHER, ADRIAN MI 49221",285,34,16
1201431,,"3971 CAPITAL AVE SW OFC, BATTLECREEK MI 49015",127,45,18
1201434,WESTBRIDGE,"45301 CHATEAU THIERRY BLVD, MACOMB MI 48044",1425,60,11
1201435,WESTBROOK,"45013 CATALPA BLVD, MACOMB MI 48044",388,60,11
1201436,,"8225 EMBURY ROAD, GRAND BLANC MI 48439",478,68,27
1201438,,"4528 HALIFAX AVE., SOUTHWEST, WYOMING MI 49519",420,83,29
1201440,,"49645 AU LAC DRIVE EAST, CHESTERFIELD MI 48051",345,63,12
1201444,PARKWAY VILLAGE ML,"23500 S KEYSTONE WAY, CLINTON TOWNSHIP MI 48036",242,61,12
1201449,,"1490 SOUTH GRAHAM ROAD, SAGINAW MI 48609",197,93,26
1201453,,"3650 METCALF ROAD, BURTCHVILLE MI 48059",496,64,25
1201454,,"6517 TELEGRAPH ROAD, ERIE MI 48133",65,30,16
1201457,SPRING VALLEY MOBILE HOME PARK,"6460 NORTHLAND DRIVE N.E., ROCKFORD MI 49341",69,90,30
1201466,,"17297 W OUTER DRIVE, UNIT #1, DEARBORN HEIGHTS MI 48127",100,15,2
1201468,,"33099 WILLOW LANE, LENOX TOWNSHIP MI 48048",340,65,25
1201472,,"16181 LANCASTER WAY, HOLLY MI 48442",314,72,22
1201473,,"109 PRUDENCE STREET, HIGGINS LAKE MI 48627",24,105,36
1201474,,"30086 PINEVIEW CIRCLE, CHESTERFIELD MI 48051",214,63,12
1201478,KEY VISTA MHC,"1800 WEST MAIN STREET, LOWELL MI 49331",137,78,18
1201482,,"2627 BROADWAY, BAY CITY MI 48708",60,96,35
1201483,GREEN BRIAR COMMUNITY,"4070 GREEN BRIAR BLVD, BURTON MI 48529",345,70,27
1201484,NEW VILLAGE ML,"430 SOUTH BRYON, HOMER MI 49245",130,45,17
1201485,MILLER TRAILER VILLAGE,"3500 S DEARING ROAD, SPRING ARBOR MI 49283",55,45,14
1201486,THE BLUFFS AT MANISTEE LAKE,"956 TENNESSEE AVE, MANISTEE MI 49660",53,102,32
1201490,BUCKHORN TRAILER COURT,"2261 ROCKY WEED, BERRIEN SPRINGS MI 49103",12,37,20
1201491,FRANKLIN WOODS,"1950 S 13TH STREET, NILES MI 49120",271,37,17
1201492,SPRUCE TREE MOBILE HOME PARK,"14200 18 1/2 MILE ROAD, MARSHALL MI 49068",80,45,18
1201501,HIDDEN OAKS MHP,"14751 APPLE DRIVE, FRUITPORT MI 49415",104,88,31
1201502,KALKASKA ESTATES,"2012 EAST ESTATE RD, KALKASKA MI 49646",54,104,36
1201503,,"12955 SHERIDAN ROAD, BURT MI 48417",14,97,26
1201510,,"960 WEST CHICAGO ROAD, STURGIS MI 49091",35,36,17
1201513,,"33645 S. HURON ROAD, BAYCITY MI 48706",240,96,35
1201516,,"3120 CHARI DRIVE, FLINT MI 48507",250,72,27
1201517,WATSON ML,"1362 E M-89 HWY, OTSEGO MI 49087",176,42,18
1201525,,"35270 GLENWOOD ROAD, WESTLAND MI 48186",29,25,5
1201526,MERLINO'S TIMBER COUNTRY MOBILE HOME PARK,"10401 W MONROE RD, ELWELL MI 48832",32,92,34
1201529,,"6800 LYDIA BOULEVARD, NORTH BRANCH MI 48461",132,98,26
1201531,,"7061 BETHUY ROAD, FAIR HAVEN MI 48023",653,63,12
1201534,,"3407 MT HOPE AVE, LANSING MI 48911",142,74,21
1201535,,"31004 E US HWY 12, STURGIS MI 49091",53,36,17
1201542,AMERICANA ESTATES,"1802 TRAY LANE, KALAMAZOO MI 49006",162,41,19
1201549,WEST OLIVE ESTATES,"8930 146TH AVENUE, WEST OLIVE MI 49460",740,88,31
1201555,,"1800 S GRAHAM ROAD, SAGINAW MI 48609",302,93,26
1201557,LAKEVIEW ESTATES ON LAWNDALE,"4231 LAWNDALE ROAD, SAGINAW MI 48603",189,93,35
1201558,,"4461 US 41, ISHPEMING MI 49849",26,109,38
1201559,,"1 ANN DRIVE, CARO MI 48723",99,97,25
1201561,WOODLAND ESTATES,"4797 SOUTH 4TH ST, KALAMAZOO MI 49009",347,40,19
1201564,PRESCOTT COMMUNITY,"7283 DIVISION AVENUE SOUTH, GRAND RAPIDS MI 49548",178,83,20
1201569,,"6447 EAST DUNBAR RD, MONROE MI 48161",620,30,16
1201570,,"3955 SOUTH CUSTER ROAD, MONROE MI 48161",319,31,16
1201572,BELLE VILLA MEADOWS,"955 SUMPTER ROAD, BELLEVILLE MI 48111",246,31,4
1201573,BELLE VILLA LAKE,"955 SUMPTER ROAD, BELLEVILLE MI 48111",176,31,4
1201574,,"360 E TUTTLE ROAD, IONIA MI 48846",290,78,33
1201576,CLINTON RIVER COMMUNITY,"4125 RIVERVIEW CIRCLE, MT CLEMENS MI 48083",132,61,12
1201578,MEADOW CREEK COMMUNITY,"58701 MEADOW CREEK BLVD, NEW HAVEN MI 48048",433,65,25
1201579,RIVERBROOK COMMUNITY,"59477 HARDY LANE, NEW HAVEN MI 48048",390,65,25
1201581,THE RESERVE COMMUNITY,"3977 SHERWOOD LAKES BLVD, JACKSON MI 49201",414,46,14
1201586,VALLEY GARDEN ESTATES,"897 MICHIGAN AVE E, BATTLE CREEK MI 49017",86,45,18
1201587,,"SOUTH DOERR ROAD, CASS CITY MI 48726",78,98,25
1201588,WOODLAND RIDGE COMMUNITY,"12250 WOODLAND RIDGE CIRCLE, SOUTH LYON MI 48178",561,49,22
1201590,THE POINT,"DIVISION STREET, CASS CITY MI 48726",29,98,25
1201591,,"16800 LOHR ROAD, BELLEVILLE MI 48111",310,31,4
1201592,,"8701 BELLEVILLE ROAD, BELLEVILLE MI 48111",358,31,4
1201595,INDEPENDENCE COMMONS COMMUNITY,"1776 CONSTITUTION CIRCLE, POTTERVILLE MI 48876",380,76,21
1201597,,"28495 JOY ROAD, WESTLAND MI 48185",105,25,5
1201599,,"1200 SOUTH WASHINGTON STREET, CONSTANTINE MI 49042",144,36,17
1201607,,"2236 VAN DYKE, MARLETTE MI 48453",56,98,25
1201623,SEAWAY RANCH MHC,"50 MACK AVENUE, MARYSVILLE MI 48040",156,64,25
1201624,,"8 CRANE LAKE DRIVE, LINDEN MI 48451",45,72,22
1201625,,"3075 EAST BAY DRIVE, FENTON MI 48430",75,72,22
1201628,,"47 BLUEBIRD HILL DRIVE, ORION MI 48359",423,54,24
1201629,,"10470 DIXIE HWY, FAIR HAVEN MI 48023",114,63,12
1201632,,"600 N ELIZABETH STREET, HILLMAN MI 49746",15,106,36
1201634,,"121 S ERIE AVE, THREE RIVERS MI 49093",82,36,17
1201635,,"820 E HOFFMAN STREET, THREE RIVERS MI 49093",52,36,17
1201639,,"831 N PONTIAC TRAIL #91, WALLED LAKE MI 48390",136,49,13
1201641,,"11446 HARBOR COVER DRIVE, FENTON MI 48430",134,72,22
1201642,,"73 ASHLEY CIRCLE, SWARTZ CREEK MI 48473",176,69,27
1201643,,"26235 W WARREN STREET, DEARBORN HEIGHTS MI 48127",198,15,2
1201644,,"71400 VAN DYKE ROAD, ROMEO MI 48065",403,66,24
1201645,,"9348 SILVER LAKE ROAD, LINDEN MI 48451",196,71,22
1201646,,"37 BELLWORD DRIVE, SWARTZ CREEK MI 47473",116,69,27
1201650,,"11567 HERON BAY DRIVE, FENTON MI 48430",94,50,22
1201653,SWAN CREEK MHC,"6988 MCKEAN, YPSILANTI MI 48197",294,32,15
1201654,,"4151 E JORDAN ROAD, MT PLEASANT MI 48858",66,92,34
1201656,,"1303 SUGAR TREE CT, CARO MI 48723",117,97,25
1201658,,"13955 BRONTE DRIVE, SHELBY TOWNSHIP MI 48315",664,59,24
1201661,VILLAGESIDE MOBILE HOME COMMUNITY,"999999 RAILROAD STREET, FAIRGROVE MI 48723",13,97,26
1201662,,"13531 DECLARATION COURT, EAGLE MI 48822",278,77,28
1201668,GUERNSEY LAKE MHP,"277 LAKESIDE DRIVE, DELTON MI 49046",40,43,18
1201671,,"1525 S COUNTY LINE ROAD, MANISTEE MI 49660",75,102,32
1201672,HARPER COMMONS MOBILE HOME COMMUNITY,"993 MICHIGAN AVE E, BATTLE CREEK MI 49014",163,45,18
1201673,,"11345 SW GREENVILLE ROAD, GREENVILLE MI 48838",57,91,33
1201674,LEE VILLA MOBILE HOME COMMUNITY,"2985 GADY  ROAD, ADRIAN MI 49221",113,34,16
1201676,,"14210 TELEGRAPH ROAD, FLAT ROCK MI 48134",123,NA,NA
1201679,GLADWIN VILLAGE MOBILE HOME PARK,"805 N BOWERY, GLADWIN MI 48624",10,99,34
1201681,,"551 GRACE STREET, FARWELL MI 48622",66,100,34
1201683,,"5663 PICKEREL LAKE ROAD, PETOSKEY MI 49770",40,107,37
1201684,SHERWOOD MOBILE HOME PARK,"1519 OLMSTEAD ROAD #31, KALAMAZOO MI 49048",62,41,19
1201686,,"185 HUNTLEY DRIVE, COMMERCE TWP MI 48390",42,49,23
1201691,,"1100 SOUTH MAIN STREET, ADRIAN MI 49221",179,34,16
1201695,,"1168 W BRIDGE STREET, PLAINWELL MI 49080",82,42,18
1201698,,"4524 LEONARD STREET NW, GRAND RAPIDS MI 49534",323,84,30
1201699,PAT'S TRAILER COURT,"4650 S TELEGRAPH, DEARBORN HEIGHTS MI 48125",50,15,2
1201700,WINSLOW PARK,"734 W GRAND RIVER AVE, OKEMOS MI 48864",72,75,28
1201701,VILLA GRANDE MOBILE HOME PARK,"4403 DAVISON RD, BURTON MI 48509",43,68,27
1201705,,"2066 S TELEGRAPH ROAD, BROWNSTOWN TWP MI 48183",157,17,6
1201707,,"3750 MAYFIELD AVE ME, GRAND RAPIDS MI 49525",124,81,30
1201708,,"3601 ALPINE DRIVE, MIDLAND MI 48640",281,95,35
1201710,,"101 HIBBARD STREET, MANCHESTER MI 48158",116,47,15
1201716,BEACH VIEW MOBILE HOME PARK,"1845 JASBERG ST, HANCOCK MI 49930",18,110,38
1201717,,"4359 DOGWOOD BLVD, CLARKSTON MI 48348",511,66,24
1201718,MOON LAKE ESTATES MHP,"12700 COLBY LAKE ROAD, LAINGSBURG MI 48848",103,75,28
1201721,,"2650 STONEY LAKE BLVD, STANTON MI 49888",14,91,33
1201722,,"10891 CEMENT CITY HWY, ADDISON MI 49220",95,34,16
1201723,,"1145 HARMONIA, SPRINGFIELD MI 49017",144,44,18
1201726,EDISON COURT MHC,"2801 GRISWOLD RD, PORT HURON MI 48060",64,64,25
1201727,MEADOWS MOBILE HOME PARK,"6255 TELEGRAPH RD, ERIE MI 48133",386,30,16
1201733,JACKSON MOBILE HOME PARK,"2240 BROOKLYN ROAD, JACKSON MI 49203",80,47,14
1201734,ROBINHOOD ESTATES MOBILE HOME PARK,"3180 N ADRIAN HWY, ADRIAN MI 49221",25,34,16
1201736,LAKESIDE MOBILE COURT,"4302 WESTERN RD, FLINT MI 48506",71,70,27
1201740,PARK LANE COURT,"3193 EAST 10 MILE ROAD, WARREN MI 48091",168,14,3
1201742,BAYSIDE MOBILE ESTATES,"3400 10 STREET, MENOMINEE MI 49858",97,108,38
1201744,RAVINES MHP,"2088 EAST EMPIRE AVENUE, BENTON HARBOR MI 49022",232,38,20
1201745,,"210 E GILES ROAD, MUSKEGON MI 49445",300,87,32
1201749,PINES MOBILE HOME PARK,"3241 N 72ND AVE, HART MI 49420",48,102,32
1201750,,"2006 ONTARIO ROAD, NILES MI 49120",129,37,17
1201755,BIRCHWOOD MHC,"4155 WEST CARPENTER ROAD, FLINT MI 48504",82,69,27
1201758,,"333 E LAKEWOOD BLVD, HOLLAND MI 49424",399,86,31
1201760,,"5284 124th AVE, FENNVILLE MI 49408",76,43,20
1201761,EDGEWOOD MANUFACTURED HOME COMMUNITY,"7415 WHITEHALL ROAD, MUSKEGON MI 49461",65,102,32
1201765,COZY CORNER PROPERTY,"5201 N DORT HWY, FLINT MI 48505",43,70,27
1201767,,"8499 M-71, DURAND MI 48429",239,71,28
1201768,RIVERVIEW ESTATES OF BAY CITY,"765 S RIVER ROAD, BAY CITY MI 48708",197,96,35
1201770,VALLEY MOBILE HOME PARK,"3477 HURON ROAD, BAY CITY MI 48706",25,96,35
1201773,SUMMERHILL VILLAGE,"5280 S MISSION ROAD, MOUNT PLEASANT MI 48858",305,92,34
1201774,,"520 13TH ST, THREE RIVERS MI 49093",115,NA,NA
1201775,,"3885 E STAGE ROAD, IONIA MI 48846",50,78,33
1201776,GARFIELD OAKS,"3011 N GARFIELD ROAD, TRAVERSE CITY MI 49686",53,103,37
1201778,,"3400 BENMARK PLACE, FLINT MI 48506",126,67,26
1201779,,"1655 S REESE ROAD, REESE MI 48757",140,97,26
1201780,,"12919 TIPTON HWY, CLINTON MI 49236",73,34,16
1201782,,"1205 YORK BLVD, CARLETON MI 48117",280,29,16
1201783,,"43124 M 43, PAW PAW MI 49079",59,39,20
1201784,,"4400 EDGAR ROAD, LESLIE MI 49251",39,73,21
1201785,,"2070 S ALMONT AVE, IMLAY CITY MI 48444",210,65,26
1201786,,"38000 LECHATEAU BLVD, CLINTON TOWNSHIP MI 48038",1000,61,11
1201790,,"714 MILL STREET, LESLIE MI 49251",78,73,21
1201792,,"875 W GRAND RIVER AVE., #75, WILLIAMSTON MI 48033",99,73,28
1201794,THE WOODS AT CRYSTAL LAKE,"6747 ASH DRIVE, BENZONIA MI 49616",47,104,32
1201796,,"229 E WALTON BLVD, PONTIAC MI 48340",257,53,7
1201797,,"5148 DOVE ROAD, KIMBALL MI 48074",68,64,25
1201798,,"6940 LANSING AVE, JACKSON MI 49201",13,45,14
1201799,,"4310 MEADOW LANE, TRAVERSE CITY MI 49685",483,103,37
1201800,,"12481 LONG LAKE ROAD, SPARTA MI 49345",157,90,33
1201801,,"7659 N INKSTER ROAD, WESTLAND MI 48185",133,25,5
1201803,RIVERWOOD,"501 E JEFFERSON STREET, BELLEVUE MI 49021",50,43,21
1201804,,"27 MILE ROAD, ALBION MI 49224",341,44,17
1201806,,"116 WEST CHURCH, HARRISVILLE MI 48740",15,106,36
1201809,NORTHERNAIRE MOBILE ESTATES,"55 RILINGS STREET, GWINN MI 49841",115,109,38
1201812,,"48790 DEQUINDRE ROAD, SHELBY TWP MI 48317",303,59,24
1201813,,"1 LARNED ROAD, PORT AUSTIN MI 48467",36,98,25
1201814,SYLVAN LAKE ESTATES MHC,"451 S TELEGRAPH ROAD, PONTIAC MI 48053",82,53,7
1201816,"RAISIN VALLEY ESTATES, MHC","4897 N ADRIAN HWY, ADRIAN MI 49221",26,34,16
1201817,HAMLET OF HUNTERS CREEK MOBILE HOME PARK,"11334 120TH AVENUE, RODNEY MI 49342",50,100,34
1201819,THE WOODLANDS MANUFACTURED HOME COMMUNITY,"1441 W ROMEO ROAD, OAKLAND MI 48363",375,66,24
1201820,SHADYLANE ESTATES MHC,"2709 CAPITOL #92, WARREN MI 48091",270,14,3
1201822,,"9640 N GREENVILLE ROAD, LAKEVIEW MI 48850",23,91,33
1201823,,"2701 HUIZENGA SREET, NORTH SHORES MI 49444",111,87,32
1201824,,"6122 DIVISION AVE, GRAND RAPIDS MI 49548",190,79,20
1201825,,"6148 DIVISION AVE S, GRAND RAPIDS MI 49548",156,79,20
1201826,,"271 GREEN STREET, SPRINGPORT MI 49284",81,45,17
1201827,,"3435 W SAINT JOSEPH STREET, LANSING MI 48917",158,77,21
1201828,ARCADIAN OAKS MHC,"1301 A AVENUE A, SPRINGFIELD MI 49037",37,44,18
1201831,,"865 S VAN DYKE, BAD AXE MI 48413",40,98,25
1201832,VICTORIA WOODS MHP,"2574 WEST MIDLAND ROAD, MIDLAND MI 48642",52,97,35
1201833,HARRISON MOBILE HOME PARK,"1820 HAMPTON ROAD, HARRISON MI 48625",6,100,34
1201834,ROYAL HOLIDAY,"39500 W WARREN ROAD, CANTON MI 48187",436,24,5
1201836,HOLIDAY WEST,"50333 WILLIS ROAD, BELLEVILLE MI 48111",844,31,4
1201837,HOLIDAY WOODS MHC,"20749 MARTINSVILLE ROAD, BELLEVILLE MI 48111",321,31,4
1201839,HIGHLAND GREENS,"2377 N MILFORD ROAD, HIGHLAND MI 48357",907,51,23
1201841,FLUSHING ESTATES,"7416 GILLETTE ROAD, FLUSHING MI 48433",280,69,27
1201843,KINGS COURT ADRIAN MHP,"1142 LANSING #3c, ADRIAN MI 49221",123,34,16
1201844,,"3300 ELIZABETH LAKE ROAD, WATERFORD MI 48328",142,53,23
1201845,,"7805 S DIVISION, GRAND RAPIDS MI 49548",151,80,29
1201846,,"1290 SOUTH HURON, CHEBOYGAN MI 49721",112,106,37
1201847,,"1806 E WEBSTER ROAD, FLINT MI 48505",251,70,27
1201849,,"5040 RASMUSSEN ROAD, LUDINGTON MI 49431",70,102,32
1201851,,"400 CEDAR RIVER DRIVER, FOWLERVILLE MI 48826",119,50,22
1201853,TROY VILLA MANUFACTURED HOME COMMUNITY,"2100 STEPHENSON HWY, TROY MI 48083",282,56,9
1201855,,"452 ELM STREET, BRECKENRIDGE MI 48615",46,93,34
1201856,,"315 LINWOOD AVE, ALMA MI 48801",44,92,34
1201857,,"2856 W CARLETON ROAD, HILLSDALE MI 49242",319,35,16
1201860,,"2960 EAST ALPINE BLVD, BAY CITY MI 48706",140,96,35
1201861,,"3900 W JEFFERSON AVE, TRENTON MI 48183",65,27,4
1201862,COUNTRY ESTATES MOBILE HOME COMMUNITY,"14700 STATE ROAD, SPRING LAKE MI 49456",255,88,31
1201863,,"70710 ELKHART, EDWARDSBURG MI 49112",28,36,17
1201864,,"440 68TH STREET SW, GRAND RAPIDS MI 49548",205,83,20
1201865,,"69425 M-62, EDWARDSBURG MI 49112",108,36,17
1201866,,"1704 S M-52, OWOSSO MI 48867",61,71,28
1201867,,"160 S. M553, GWINN MI 49841",48,109,38
1201869,,"9575 DEVILS LAKE HWY, MANITOU BEACH MI 49253",72,34,16
1201870,,"2125 GENEVA HWY, MANITOU BEACH MI 49253",108,34,16
1201873,PROSPECT MANOR MOBILE HOME COMMUNITY,"1012 S LAGRAVE STREET, PAW PAW MI 49079",52,39,19
1201874,,"801 PACKARD HIGHWAY, CHARLOTTE MI 48813",40,76,21
1201875,,"458 EATON PINES BLVD, EATON RAPIDS MI 48827",148,76,21
1201878,STANDISH MISSIONS,"423 S CASS STREET, STANDISH MI 48658",38,99,36
1201879,,"140 NORTH PLEASANT AVE, LOWELL MI 49331",17,78,18
1201880,HIGHLAND HILLS,"1200 W HIGHLAND ROAD, HIGHLAND MI 48031",306,50,22
1201881,LAKEVIEW MOBILE HOME PARK,"454 E HOUGHTON LAKE DRIVE, PRUDENVILLE MI 48651",49,105,36
1201882,COLLEGE PARK MOBILE HOME VILLAGE,"1111 CATHERINE STREET, BIG RAPIDS MI 49307",106,100,34
1201883,,"330 S THIRD STREET, COLEMAN MI 48618",58,95,34
1201885,,"1003 LANSING STREET, ADRIAN MI 49221",26,34,16
1201886,,"73561 CHAMBERS STREET, SOUTH HAVEN MI 49090",53,38,20
1201887,ST JOE MOBILE HOME PARK,"310 WEST ST JOE STREET, LITCHFIELD MI 49252",16,35,17
1201888,TANGLEWOOD VILLAGE,"25873  MANCHESTER DRIVE, FLAT ROCK MI 48134",248,28,4
1201890,PINE VIEW ESTATES,"6152 N GENESEE RD, FLINT MI 48506",1011,67,26
1201891,,"1977 WHITEHALL ROAD, MUSKEGON MI 49445",23,87,32
1201892,HUNTINGTON RUN MH,"6255 CRANBROOK LANE, KALAMAZOO MI 49009",206,40,19
1201893,,"8300 COVENTRY BOULEVARD, MOUNT MORRIS MI 48458",259,67,26
1201896,,"11211 NICKPLATE ROAD, PEWAMO MI 48823",13,93,33
1201897,,"23604 36TH AVE, RAVENNA MI 49451",62,89,33
1201898,,"2425 E US-223, ADRIAN MI 49221",48,34,16
1201899,VILLAGE VIEW MOBILE HOME PARK,"258 COUNTY ROAD 665, PAW PAW MI 49079",81,39,20
1201900,GRAND VILLAGE MOBILE HOME PARK,"323 BOISMIER LANE, COLDWATER MI 49036",20,35,17
1201901,,"6992 US 12, THREE OAKS MI 49128",74,37,17
1201903,,"477 MAPLE DRIVE, KAWKAWLIN MI 48631",249,96,35
1201904,,"1133 YEOMANS STREET, IONIA MI 48846",240,78,33
1201906,MAPLE VIEW ESTATES OF MT PLEASANT,"1955 S CHIPPEWA ROAD, MT PLEASANT MI 48858",99,92,34
1201907,MAPLE VIEW ESTATES OF MT PLEASANT,"10749 E PICKARD ROAD, MT PLEASANT MI 48858",37,92,34
1201909,ISABELLA VILLAGE MHP,"5232 E BROADWAY ROAD, MT PLEASANT MI 48858",170,92,34
1201910,RIVERSIDE CROSSING MHP,"10186 W FARRAND ROAD, MONTROSE MI 48457",142,97,26
1201912,,"5653 DIXIE HIGHWAY, SAGINAW MI 48601",145,94,26
1201913,SAPPHIRE ESTATES MOBILE HOME PARK,"2375 138TH AVE, DORR MI 49323",55,43,20
1201914,COUNTRY VIEW MOBILE HOME COMMUNITY,"19311 US-12, EDWARDSBURG MI 49445",42,36,17
1201917,,"3517 W HOUGHTON LAKE DRIVE, HOUGHTON LAKE MI 48629",26,105,36
1201918,,"299 BRISTIE STREET, PORTLAND MI 48875",75,78,33
1201922,ANDOVER MH,"1000 CAMBRY CIRCLE, GRASS LAKE MI 49240",126,46,14
1201923,,"3660 S LAPEER ROAD, METAMORA MI 48455",168,67,24
1201931,RIVER SPRINGS MHP LLC,"9387 Old 31, Berrien Springs MI 49103",199,37,17
1201933,SYLVAN CROSSING,"23351 REDWOOD DRIVE, CHELSEA MI 48118",281,46,14
1201935,,"180 MANTLE AVE, JACKSON MI 49202",231,46,14
1201936,RIVER HAVEN ESTATES MANUFACTURED HOUSING COMMUNITY,"24 CABERFAE HIGHWAY, MANISTEE MI 49660",69,102,32
1201937,TRAIL TREE VILLAGE,"175 N MICHIGAN AVE, COLDWATER MI 49036",143,35,17
1201938,NORTH TRAIL VILLAGE,"100 N MAIN STREET, QUINCY MI 49082",42,35,17
1201940,,"601 BARTFIELD DRIVE, HASTINGS MI 49058",231,78,18
1201945,CHARLEVOIX ESTATES MH,"6685 M-66, CHARLEVOIX MI 49720",189,107,37
1201949,RIVERSIDE ESTATES MOBILE HOME COMMUNITY,"6200 ARROWHEAD DR, FENNVILLE MI 49408",40,38,20
1201950,KAMPVILLA,"16632 US 31, BEAR LAKE MI 49614",40,102,32
1201951,,"3193 PORT AUSTIN ROAD, PORT AUSTIN MI 48467",40,98,25
1201953,THE MANUFACTURED HOME COMMUNITY OF STERLING ESTATES,"1203 DIVISION STREET, ADRIAN MI 49221",296,34,16
1201954,,"1005 HARRISON AVE #1, ST JOSEPH MI 49085",60,42,19
1201955,GUN RIVER WEST ML,"1066 MILLER ROAD, PLAINWELL MI 49080",61,42,18
1201956,ARLINGTON MANOR MHP,"4885 MONTERAY DRIVE, MIDLAND MI 48642",99,95,35
1201961,,"3720 BLACK HIGHWAY, ADRIAN MI 49221",48,34,16
1201962,,"8000 WARREN WOODS ROAD, THREE OAKS MI 49128",138,38,17
1201963,,"3251 SOUTH ADRIAN HIGHWAY, ADRIAN MI 49221",202,34,16
1201970,,"975 W BEECHER STREET, ADRIAN MI 49221",212,34,16
1201971,SUNNY SOUTH VILLA MOBILE HOME PARK,"15377 TELEGRAPH ROAD, MONROE MI 48161",68,30,16
1201973,HUNTERS GLEN MANUFACTURED HOMES COMMUNITY,"1132 HUNTERS GLEN BLVD, WAYLAND MI 49348",424,79,18
1201975,SYLVAN GLEN ESTATES,"6600 W. GRAND RIVER AVE, BRIGHTON MI 48114",482,48,22
1201977,LAKESHORE MOBILE HOME PARK,"75641 16TH AVENUE, SOUTH HAVEN MI 49090",73,38,20
1201978,,"902 MICHIGAN STREET, NILES MI 49120",19,37,17
1201979,APPLE GROVE MHC,"1754 LAVENDER LANE, KENT CITY MI 48330",50,90,33
1201980,,"1560 EIFERT ROAD, HOLT MI 48842",51,74,21
1201981,,"9115 N UNION STREET, TECUMSEH MI 49286",199,34,15
1201984,RIVERSIDE ESTATES MHP,"14566 RED BUD TRAIL N, BUCHANAN MI 49107",87,37,17
1201985,ARTHURS MOBILE HOME COMMUNITY/HIDDEN GARDEN MHC,"25821 TELEGRAPH ROAD, FLAT ROCK MI 48134",64,28,4
1201990,AUGRES HARBOR MOBILE HOME PARK,"300 S MAIN STREET, AUGRES MI 48703",19,99,36
1201993,NORTH SHORE MHP,"8632 E. HOUGHTON LAKE DRIVE, HOUGHTON LAKE MI 48629",30,105,36
1201994,,"27860 HICKLER LN, HARRISON TOWNSHIP MI 48045",24,62,12
1201996,CREEK VALLEY MHC,"521 BEDFORD ROAD N, BATTLE CREEK MI 49017",166,44,18
1201998,LINDEN PLACE MHC,"4192 LINDEN ROAD, FLINT MI 48507",162,69,27
1201999,,"3127 MAPLE STREET, WARREN MI 48091",265,14,3
1202000,,"1300 MICHIGAN AVE, IRON MOUNTAIN MI 49801",94,110,38
1202003,,"11285 E PLEASANT LAKE RD, MANCHESTER MI 48158",24,47,14
1202005,,"1030 E COLUMBIA AVE, BATTLE CREEK MI 49014",119,45,18
1202008,,"777 PIONEER ROAD, MARQUETTE MI 49855",92,109,38
1202009,PORT OF CALL MOBILE HOME PARK,"68304 CR 380, SOUTH HAVEN MI 49090",61,38,20
1202011,,"8005 W GRAND RIVER AVE, BRIGHTON MI 48114",65,49,22
1202013,GALE VALLEY MHC LLC,"353 E MICHIGAN AVE, GALESBURG MI 49053",226,42,19
1202015,OAKSIDE MHC,"2752 W NORTH UNION ROAD, MIDLAND MI 48642",142,97,35
1202016,WHITTAKER OAKS,"11333 WHITTAKER ROAD, WHITTAKER MI 48190",228,31,15
1202017,VALLEY ESTATES,"16751 TURNER ROAD, LANSING MI 48906",148,77,28
1202019,,"8649 S LOOMIS ROAD, SHEPHERD MI 48883",20,92,34
1202021,FREELAND,"10340 MIDLAND ROAD, FREELAND MI 48623",120,97,35
1202023,,"801 PROSPECT STREET, MUNISING MI 49862",37,109,38
1202024,,"771 MARY JEAN COURT, DUNDEE MI 48131",213,31,16
1202029,WINDSOR ESTATES MHC,"6661 N CANAL ROAD, DIMONDALE MI 48821",470,76,21
1202031,,"5100 S ELMS ROAD, SWARTZ CREEK MI 48473",109,71,27
1202034,,"4260 LAWRENCE, PINCONNING MI 48650",50,99,36
1202039,,"12380 185TH AVE, BIG RAPIDS MI 49307",50,100,34
1202041,ELLIS LANDING,"1283 E. Ellis Road, Norton Shores MI 49441",47,88,32
1202042,CHANNEL VIEW MHC,"5150 TAFT ROAD, ALGONAC MI 48001",337,63,12
1202043,,"12600 US-31 N, CHARLEVOIX MI 49720",35,107,37
1202044,GRAND LEDGE RAVINES MHC,"855 W JEFFERSON STREET, GRAND LEDGE MI 48837",219,77,21
1202047,HURON MOBILE HOME PARK LLC,"163 NELSON ROAD, HARBOR BEACH MI 48441",54,98,25
1202048,,"G-5125 N CENTER ROAD, FLINT MI 48506",93,67,26
1202049,,"29800 GUILFORD CIRCLE, CHESTERFIELD MI 48051",798,63,12
1202050,,"2577 LAKE SHORE DR, GLADWIN MI 48624",37,99,34
1202052,CROCKERY MHC,"13251 STATE ROAD, NUNICA MI 49448",165,88,31
1202054,WESTHAVEN MOBILE HOME PARK,"3251 TORREY ROAD, FLINT MI 48507",77,70,27
1202056,MOBILE MANOR MOBILE HOME PARK,"104 FIRST STREET, BRONSON MI 49028",29,35,17
1202059,,"26131 DEQUINDRE ROAD, MADISON HEIGHTS MI 48071",263,8,3
1202060,,"56289 MURRY STREET, MATTAWAN MI 49079",58,39,19
1202064,,"1628 E CARO ROAD, CARO MI 48723",88,97,25
1202066,FOX RUN MANUFACTURED HOME COMMUNITY,"141 FOX RUN, BOYNE CITY MI 49712",68,107,37
1202067,,"525 GILSON STREET, EDMORE MI 48829",18,91,33
1202073,,"3223 BAILEY STREET, NORTON SHORES MI 49444",656,NA,NA
1202074,,"3500 Q DRIVE S, ATHENS MI 49011",67,NA,NA
1202078,,"N3905 PINE MOUNTAIN ROAD, IRON MOUNTAIN MI 49801",51,NA,NA
1202080,,"1760 SAGINAW BAY ESTATES DIVE, ESSEXVILLE MI 48732",318,NA,NA
1202081,RIVER RIDGE MH,"289 DUNDEE, SALINE MI 48176",288,NA,NA
1202082,,"1640 POND CIRCLE DR, PETOSKY MI 49770",25,NA,NA
1202083,,"14101 SPARTA AVE, KENT CITY MI 49330",54,NA,NA
